region,center-type,center-lang,name,link
BC,Service Canada Centre,Services offered in English and French,Abbotsford Service Canada Centre,https://www.servicecanada.gc.ca/tbsc-fsco/sc-dsp.jsp?rc=5944&lang=eng
BC,Service Canada Centre,Services offered in English and French,Chilliwack Service Canada Centre,https://www.servicecanada.gc.ca/tbsc-fsco/sc-dsp.jsp?rc=5942&lang=eng
BC,Service Canada Centre,Services offered in English and French,Comox Valley Service Canada Centre,https://www.servicecanada.gc.ca/tbsc-fsco/sc-dsp.jsp?rc=5921&lang=eng
BC,Service Canada Centre,Services offered in English and French,Kamloops Service Canada Centre,https://www.servicecanada.gc.ca/tbsc-fsco/sc-dsp.jsp?rc=5986&lang=eng
BC,Service Canada Centre,Services offered in English and French,Nanaimo Service Canada Centre,https://www.servicecanada.gc.ca/tbsc-fsco/sc-dsp.jsp?rc=5988&lang=eng
BC,Service Canada Centre,Services offered in English and French,Penticton Service Canada Centre,https://www.servicecanada.gc.ca/tbsc-fsco/sc-dsp.jsp?rc=5978&lang=eng
BC,Service Canada Centre,Services offered in English and French,Prince George Service Canada Centre,https://www.servicecanada.gc.ca/tbsc-fsco/sc-dsp.jsp?rc=5994&lang=eng
BC,Service Canada Centre,Services offered in English and French,Vancouver (West Broadway) Service Canada Centre,https://www.servicecanada.gc.ca/tbsc-fsco/sc-dsp.jsp?rc=5823&lang=eng
BC,Service Canada Centre,Services offered in English,Burnaby Service Canada Centre,https://www.servicecanada.gc.ca/tbsc-fsco/sc-dsp.jsp?rc=5907&lang=eng
BC,Service Canada Centre,Services offered in English,Campbell River Service Canada Centre,https://www.servicecanada.gc.ca/tbsc-fsco/sc-dsp.jsp?rc=5920&lang=eng
BC,Service Canada Centre,Services offered in English,Coquitlam Service Canada Centre,https://www.servicecanada.gc.ca/tbsc-fsco/sc-dsp.jsp?rc=5947&lang=eng
BC,Service Canada Centre,Services offered in English,Cowichan Service Canada Centre,https://www.servicecanada.gc.ca/tbsc-fsco/sc-dsp.jsp?rc=5918&lang=eng
BC,Service Canada Centre,Services offered in English,Cranbrook Service Canada Centre,https://www.servicecanada.gc.ca/tbsc-fsco/sc-dsp.jsp?rc=5977&lang=eng
BC,Service Canada Centre,Services offered in English,Dawson Creek Service Canada Centre,https://www.servicecanada.gc.ca/tbsc-fsco/sc-dsp.jsp?rc=5996&lang=eng
BC,Service Canada Centre,Services offered in English,Langley Service Canada Centre,https://www.servicecanada.gc.ca/tbsc-fsco/sc-dsp.jsp?rc=5952&lang=eng
BC,Service Canada Centre,Services offered in English,Nelson Service Canada Centre,https://www.servicecanada.gc.ca/tbsc-fsco/sc-dsp.jsp?rc=5972&lang=eng
BC,Service Canada Centre,Services offered in English,New Westminster Service Canada Centre,https://www.servicecanada.gc.ca/tbsc-fsco/sc-dsp.jsp?rc=5940&lang=eng
BC,Service Canada Centre,Services offered in English,North Vancouver - North Shore Service Canada Centre,https://www.servicecanada.gc.ca/tbsc-fsco/sc-dsp.jsp?rc=5911&lang=eng
BC,Service Canada Centre,Services offered in English,Port Alberni Service Canada Centre,https://www.servicecanada.gc.ca/tbsc-fsco/sc-dsp.jsp?rc=5919&lang=eng
BC,Service Canada Centre,Services offered in English,Powell River Service Canada Centre,https://www.servicecanada.gc.ca/tbsc-fsco/sc-dsp.jsp?rc=5913&lang=eng
BC,Service Canada Centre,Services offered in English,Prince Rupert Service Canada Centre,https://www.servicecanada.gc.ca/tbsc-fsco/sc-dsp.jsp?rc=5991&lang=eng
BC,Service Canada Centre,Services offered in English,Quesnel Service Canada Centre,https://www.servicecanada.gc.ca/tbsc-fsco/sc-dsp.jsp?rc=5424&lang=eng
BC,Service Canada Centre,Services offered in English,Richmond Service Canada Centre,https://www.servicecanada.gc.ca/tbsc-fsco/sc-dsp.jsp?rc=5912&lang=eng
BC,Service Canada Centre,Services offered in English,Ridge Meadows Service Canada Centre,https://www.servicecanada.gc.ca/tbsc-fsco/sc-dsp.jsp?rc=5150&lang=eng
BC,Service Canada Centre,Services offered in English,Salmon Arm Service Canada Centre,https://www.servicecanada.gc.ca/tbsc-fsco/sc-dsp.jsp?rc=5351&lang=eng
BC,Service Canada Centre,Services offered in English,Smithers Service Canada Centre,https://www.servicecanada.gc.ca/tbsc-fsco/sc-dsp.jsp?rc=5426&lang=eng
BC,Service Canada Centre,Services offered in English,Squamish Service Canada Centre,https://www.servicecanada.gc.ca/tbsc-fsco/sc-dsp.jsp?rc=5825&lang=eng
BC,Service Canada Centre,Services offered in English,Surrey North Service Canada Centre,https://www.servicecanada.gc.ca/tbsc-fsco/sc-dsp.jsp?rc=5851&lang=eng
BC,Service Canada Centre,Services offered in English,Terrace Service Canada Centre,https://www.servicecanada.gc.ca/tbsc-fsco/sc-dsp.jsp?rc=5962&lang=eng
BC,Service Canada Centre,Services offered in English,Trail Service Canada Centre,https://www.servicecanada.gc.ca/tbsc-fsco/sc-dsp.jsp?rc=5973&lang=eng
BC,Service Canada Centre,Services offered in English,Vancouver - Sinclair Centre (Downtown) Service Canada Centre,https://www.servicecanada.gc.ca/tbsc-fsco/sc-dsp.jsp?rc=5908&lang=eng
BC,Service Canada Centre,Services offered in English,Vancouver - Vancouver East (Kingsway) Service Canada Centre,https://www.servicecanada.gc.ca/tbsc-fsco/sc-dsp.jsp?rc=5922&lang=eng
BC,Service Canada Centre,Services offered in English,Vanderhoof Service Canada Centre,https://www.servicecanada.gc.ca/tbsc-fsco/sc-dsp.jsp?rc=5439&lang=eng
BC,Service Canada Centre,Services offered in English,Vernon Service Canada Centre,https://www.servicecanada.gc.ca/tbsc-fsco/sc-dsp.jsp?rc=5979&lang=eng
BC,Service Canada Centre,Services offered in English,Victoria West Shore Service Canada Centre,https://www.servicecanada.gc.ca/tbsc-fsco/sc-dsp.jsp?rc=5927&lang=eng
BC,Service Canada Centre,Services offered in English,Williams Lake Service Canada Centre,https://www.servicecanada.gc.ca/tbsc-fsco/sc-dsp.jsp?rc=5992&lang=eng
BC,Service Canada Centre and Passport Office (consolidated),Services offered in English and French,Kelowna Service Canada Centre and Passport Services,https://www.servicecanada.gc.ca/tbsc-fsco/sc-dsp.jsp?rc=5987&lang=eng
BC,Service Canada Centre and Passport Office (consolidated),Services offered in English and French,Victoria Service Canada Centre and Passport Services,https://www.servicecanada.gc.ca/tbsc-fsco/sc-dsp.jsp?rc=5863&lang=eng
BC,Service Canada Centre and Passport Office (consolidated),Services offered in English,Surrey South Service Canada Centre and Passport Services,https://www.servicecanada.gc.ca/tbsc-fsco/sc-dsp.jsp?rc=5852&lang=eng
BC,Passport Office,Services offered in English and French,Vancouver Service Canada Centre - Passport Services,https://www.servicecanada.gc.ca/tbsc-fsco/sc-dsp.jsp?rc=5001&lang=eng
BC,Passport Office,Services offered in English,Richmond Service Canada Centre - Passport Services,https://www.servicecanada.gc.ca/tbsc-fsco/sc-dsp.jsp?rc=5003&lang=eng
BC,Passport Office,Services offered in English,Surrey Service Canada Centre - Passport Services,https://www.servicecanada.gc.ca/tbsc-fsco/sc-dsp.jsp?rc=5002&lang=eng
BC,Scheduled Outreach Site,Services offered in English,100 Mile House Scheduled Outreach Site,https://www.servicecanada.gc.ca/tbsc-fsco/sc-dsp.jsp?rc=BC-SBS&lang=eng
BC,Scheduled Outreach Site,Services offered in English,Alert Bay Scheduled Outreach Site,https://www.servicecanada.gc.ca/tbsc-fsco/sc-dsp.jsp?rc=BC-SAY&lang=eng
BC,Scheduled Outreach Site,Services offered in English,Ashcroft Scheduled Outreach Site,https://www.servicecanada.gc.ca/tbsc-fsco/sc-dsp.jsp?rc=BC-SBT&lang=eng
BC,Scheduled Outreach Site,Services offered in English,Bella Bella Scheduled Outreach Site,https://www.servicecanada.gc.ca/tbsc-fsco/sc-dsp.jsp?rc=BC-SAM&lang=eng
BC,Scheduled Outreach Site,Services offered in English,Bella Coola Scheduled Outreach Site,https://www.servicecanada.gc.ca/tbsc-fsco/sc-dsp.jsp?rc=BC-SBV&lang=eng
BC,Scheduled Outreach Site,Services offered in English,Burns Lake Scheduled Outreach Site,https://www.servicecanada.gc.ca/tbsc-fsco/sc-dsp.jsp?rc=BC-SBU&lang=eng
BC,Scheduled Outreach Site,Services offered in English,Castlegar Scheduled Outreach Site,https://www.servicecanada.gc.ca/tbsc-fsco/sc-dsp.jsp?rc=BC-SBQ&lang=eng
BC,Scheduled Outreach Site,Services offered in English,Clearwater Scheduled Outreach Site,https://www.servicecanada.gc.ca/tbsc-fsco/sc-dsp.jsp?rc=BC-SAZ&lang=eng
BC,Scheduled Outreach Site,Services offered in English,Clinton Scheduled Outreach Site,https://www.servicecanada.gc.ca/tbsc-fsco/sc-dsp.jsp?rc=BC-SBR&lang=eng
BC,Scheduled Outreach Site,Services offered in English,Daajing Giids Scheduled Outreach Site,https://www.servicecanada.gc.ca/tbsc-fsco/sc-dsp.jsp?rc=BC-SBP&lang=eng
BC,Scheduled Outreach Site,Services offered in English,Fort St. James Scheduled Outreach Site,https://www.servicecanada.gc.ca/tbsc-fsco/sc-dsp.jsp?rc=BC-SCF&lang=eng
BC,Scheduled Outreach Site,Services offered in English,Fort St. John Scheduled Outreach Site,https://www.servicecanada.gc.ca/tbsc-fsco/sc-dsp.jsp?rc=BC-SBH&lang=eng
BC,Scheduled Outreach Site,Services offered in English,Fraser Lake Scheduled Outreach Site,https://www.servicecanada.gc.ca/tbsc-fsco/sc-dsp.jsp?rc=BC-SCG&lang=eng
BC,Scheduled Outreach Site,Services offered in English,Grand Forks Scheduled Outreach Site,https://www.servicecanada.gc.ca/tbsc-fsco/sc-dsp.jsp?rc=BC-SBW&lang=eng
BC,Scheduled Outreach Site,Services offered in English,Hope Scheduled Outreach Site,https://www.servicecanada.gc.ca/tbsc-fsco/sc-dsp.jsp?rc=BC-SAQ&lang=eng
BC,Scheduled Outreach Site,Services offered in English,Kaslo Scheduled Outreach Site,https://www.servicecanada.gc.ca/tbsc-fsco/sc-dsp.jsp?rc=BC-SCA&lang=eng
BC,Scheduled Outreach Site,Services offered in English,Mackenzie Scheduled Outreach Site,https://www.servicecanada.gc.ca/tbsc-fsco/sc-dsp.jsp?rc=BC-SBM&lang=eng
BC,Scheduled Outreach Site,Services offered in English,McBride Scheduled Outreach Site,https://www.servicecanada.gc.ca/tbsc-fsco/sc-dsp.jsp?rc=BC-SCD&lang=eng
BC,Scheduled Outreach Site,Services offered in English,Merritt Scheduled Outreach Site,https://www.servicecanada.gc.ca/tbsc-fsco/sc-dsp.jsp?rc=BC-SBL&lang=eng
BC,Scheduled Outreach Site,Services offered in English,Nakusp Scheduled Outreach Site,https://www.servicecanada.gc.ca/tbsc-fsco/sc-dsp.jsp?rc=BC-SCB&lang=eng
BC,Scheduled Outreach Site,Services offered in English,Osoyoos Scheduled Outreach Site,https://www.servicecanada.gc.ca/tbsc-fsco/sc-dsp.jsp?rc=BC-SBY&lang=eng
BC,Scheduled Outreach Site,Services offered in English,Port Hardy Scheduled Outreach Site,https://www.servicecanada.gc.ca/tbsc-fsco/sc-dsp.jsp?rc=BC-SBJ&lang=eng
BC,Scheduled Outreach Site,Services offered in English,Princeton Scheduled Outreach Site,https://www.servicecanada.gc.ca/tbsc-fsco/sc-dsp.jsp?rc=BC-SBX&lang=eng
BC,Scheduled Outreach Site,Services offered in English,Revelstoke Scheduled Outreach Site,https://www.servicecanada.gc.ca/tbsc-fsco/sc-dsp.jsp?rc=BC-SBZ&lang=eng
BC,Scheduled Outreach Site,Services offered in English,Sunshine Coast Scheduled Outreach Site,https://www.servicecanada.gc.ca/tbsc-fsco/sc-dsp.jsp?rc=BC-SBO&lang=eng
BC,Scheduled Outreach Site,Services offered in English,Valemount Scheduled Outreach Site,https://www.servicecanada.gc.ca/tbsc-fsco/sc-dsp.jsp?rc=BC-SCE&lang=eng
BC,Scheduled Outreach Site,Services offered in English,Whistler Scheduled Outreach Site,https://www.servicecanada.gc.ca/tbsc-fsco/sc-dsp.jsp?rc=BC-SBK&lang=eng
AB,Service Canada Centre,Services offered in English and French,Canmore Service Canada Centre,https://www.servicecanada.gc.ca/tbsc-fsco/sc-dsp.jsp?rc=4865&lang=eng
AB,Service Canada Centre,Services offered in English and French,Edmonton Canada Place Service Canada Centre,https://www.servicecanada.gc.ca/tbsc-fsco/sc-dsp.jsp?rc=4754&lang=eng
AB,Service Canada Centre,Services offered in English and French,Edmonton Millbourne Service Canada Centre,https://www.servicecanada.gc.ca/tbsc-fsco/sc-dsp.jsp?rc=4820&lang=eng
AB,Service Canada Centre,Services offered in English and French,Fort McMurray Service Canada Centre,https://www.servicecanada.gc.ca/tbsc-fsco/sc-dsp.jsp?rc=4825&lang=eng
AB,Service Canada Centre,Services offered in English and French,Grande Prairie Service Canada Centre,https://www.servicecanada.gc.ca/tbsc-fsco/sc-dsp.jsp?rc=4819&lang=eng
AB,Service Canada Centre,Services offered in English and French,Lethbridge Service Canada Centre,https://www.servicecanada.gc.ca/tbsc-fsco/sc-dsp.jsp?rc=4860&lang=eng
AB,Service Canada Centre,Services offered in English and French,Medicine Hat Service Canada Centre,https://www.servicecanada.gc.ca/tbsc-fsco/sc-dsp.jsp?rc=4807&lang=eng
AB,Service Canada Centre,Services offered in English and French,Red Deer Service Canada Centre,https://www.servicecanada.gc.ca/tbsc-fsco/sc-dsp.jsp?rc=4808&lang=eng
AB,Service Canada Centre,Services offered in English and French,St. Paul Service Canada Centre,https://www.servicecanada.gc.ca/tbsc-fsco/sc-dsp.jsp?rc=4824&lang=eng
AB,Service Canada Centre,Services offered in English,Brooks Service Canada Centre,https://www.servicecanada.gc.ca/tbsc-fsco/sc-dsp.jsp?rc=4875&lang=eng
AB,Service Canada Centre,Services offered in English,Calgary One Executive Place Service Canada Centre,https://www.servicecanada.gc.ca/tbsc-fsco/sc-dsp.jsp?rc=4804&lang=eng
AB,Service Canada Centre,Services offered in English,Calgary Royal Vista Service Canada Centre,https://www.servicecanada.gc.ca/tbsc-fsco/sc-dsp.jsp?rc=4803&lang=eng
AB,Service Canada Centre,Services offered in English,Calgary Temple Crossing Service Canada Centre,https://www.servicecanada.gc.ca/tbsc-fsco/sc-dsp.jsp?rc=4810&lang=eng
AB,Service Canada Centre,Services offered in English,Camrose Service Canada Centre,https://www.servicecanada.gc.ca/tbsc-fsco/sc-dsp.jsp?rc=4821&lang=eng
AB,Service Canada Centre,Services offered in English,Edmonton Hermitage Service Canada Centre,https://www.servicecanada.gc.ca/tbsc-fsco/sc-dsp.jsp?rc=4752&lang=eng
AB,Service Canada Centre,Services offered in English,Edmonton Westlink Service Canada Centre,https://www.servicecanada.gc.ca/tbsc-fsco/sc-dsp.jsp?rc=4753&lang=eng
AB,Service Canada Centre,Services offered in English,Edson Service Canada Centre,https://www.servicecanada.gc.ca/tbsc-fsco/sc-dsp.jsp?rc=4818&lang=eng
AB,Service Canada Centre,Services offered in English,Lloydminster Service Canada Centre,https://www.servicecanada.gc.ca/tbsc-fsco/sc-dsp.jsp?rc=4862&lang=eng
AB,Service Canada Centre,Services offered in English,Slave Lake Service Canada Centre,https://www.servicecanada.gc.ca/tbsc-fsco/sc-dsp.jsp?rc=4750&lang=eng
AB,Service Canada Centre and Passport Office (consolidated),Services offered in English and French,Calgary Centre Service Canada Centre and Passport Services,https://www.servicecanada.gc.ca/tbsc-fsco/sc-dsp.jsp?rc=4802&lang=eng
AB,Service Canada Centre and Passport Office (consolidated),Services offered in English,Calgary Sundance Service Canada Centre and Passport Services,https://www.servicecanada.gc.ca/tbsc-fsco/sc-dsp.jsp?rc=4602&lang=eng
AB,Passport Office,Services offered in English and French,Edmonton Service Canada Centre - Passport Services,https://www.servicecanada.gc.ca/tbsc-fsco/sc-dsp.jsp?rc=4601&lang=eng
AB,Scheduled Outreach Site,Services offered in English and French,Cold Lake Scheduled Outreach Site,https://www.servicecanada.gc.ca/tbsc-fsco/sc-dsp.jsp?rc=AB-SAN&lang=eng
AB,Scheduled Outreach Site,Services offered in English and French,Jasper Scheduled Outreach Site,https://www.servicecanada.gc.ca/tbsc-fsco/sc-dsp.jsp?rc=AB-SAL&lang=eng
AB,Scheduled Outreach Site,Services offered in English and French,Lac La Biche Scheduled Outreach Site,https://www.servicecanada.gc.ca/tbsc-fsco/sc-dsp.jsp?rc=AB-SAQ&lang=eng
AB,Scheduled Outreach Site,Services offered in English,Athabasca Scheduled Outreach Site,https://www.servicecanada.gc.ca/tbsc-fsco/sc-dsp.jsp?rc=AB-SAH&lang=eng
AB,Scheduled Outreach Site,Services offered in English,Barrhead Scheduled Outreach Site,https://www.servicecanada.gc.ca/tbsc-fsco/sc-dsp.jsp?rc=AB-SAS&lang=eng
AB,Scheduled Outreach Site,Services offered in English,Blairmore Scheduled Outreach Site,https://www.servicecanada.gc.ca/tbsc-fsco/sc-dsp.jsp?rc=AB-SAK&lang=eng
AB,Scheduled Outreach Site,Services offered in English,Drayton Valley Scheduled Outreach Site,https://www.servicecanada.gc.ca/tbsc-fsco/sc-dsp.jsp?rc=AB-SAP&lang=eng
AB,Scheduled Outreach Site,Services offered in English,Drumheller Scheduled Outreach Site,https://www.servicecanada.gc.ca/tbsc-fsco/sc-dsp.jsp?rc=AB-SAJ&lang=eng
AB,Scheduled Outreach Site,Services offered in English,Grande Cache Scheduled Outreach Site,https://www.servicecanada.gc.ca/tbsc-fsco/sc-dsp.jsp?rc=AB-SAM&lang=eng
AB,Scheduled Outreach Site,Services offered in English,High Level Scheduled Outreach Site,https://www.servicecanada.gc.ca/tbsc-fsco/sc-dsp.jsp?rc=AB-SAW&lang=eng
AB,Scheduled Outreach Site,Services offered in English,High Prairie Scheduled Outreach Site,https://www.servicecanada.gc.ca/tbsc-fsco/sc-dsp.jsp?rc=AB-SAZ&lang=eng
AB,Scheduled Outreach Site,Services offered in English,Hinton Scheduled Outreach Site,https://www.servicecanada.gc.ca/tbsc-fsco/sc-dsp.jsp?rc=AB-SAO&lang=eng
AB,Scheduled Outreach Site,Services offered in English,Maskwacis Scheduled Outreach Site,https://www.servicecanada.gc.ca/tbsc-fsco/sc-dsp.jsp?rc=AB-SAC&lang=eng
AB,Scheduled Outreach Site,Services offered in English,Olds Scheduled Outreach Site,https://www.servicecanada.gc.ca/tbsc-fsco/sc-dsp.jsp?rc=AB-SBB&lang=eng
AB,Scheduled Outreach Site,Services offered in English,Paul First Nation Scheduled Outreach Site,https://www.servicecanada.gc.ca/tbsc-fsco/sc-dsp.jsp?rc=AB-SBD&lang=eng
AB,Scheduled Outreach Site,Services offered in English,Peace River Scheduled Outreach Site,https://www.servicecanada.gc.ca/tbsc-fsco/sc-dsp.jsp?rc=AB-SAR&lang=eng
AB,Scheduled Outreach Site,Services offered in English,Rocky Mountain House Scheduled Outreach Site,https://www.servicecanada.gc.ca/tbsc-fsco/sc-dsp.jsp?rc=AB-SAI&lang=eng
AB,Scheduled Outreach Site,Services offered in English,Stettler Scheduled Outreach Site,https://www.servicecanada.gc.ca/tbsc-fsco/sc-dsp.jsp?rc=AB-SAT&lang=eng
AB,Scheduled Outreach Site,Services offered in English,Vegreville Scheduled Outreach Site,https://www.servicecanada.gc.ca/tbsc-fsco/sc-dsp.jsp?rc=AB-SAU&lang=eng
AB,Scheduled Outreach Site,Services offered in English,Wainwright Scheduled Outreach Site,https://www.servicecanada.gc.ca/tbsc-fsco/sc-dsp.jsp?rc=AB-SBC&lang=eng
AB,Scheduled Outreach Site,Services offered in English,Westlock Scheduled Outreach Site,https://www.servicecanada.gc.ca/tbsc-fsco/sc-dsp.jsp?rc=AB-SAV&lang=eng
AB,Scheduled Outreach Site,Services offered in English,Whitecourt Scheduled Outreach Site,https://www.servicecanada.gc.ca/tbsc-fsco/sc-dsp.jsp?rc=AB-SAX&lang=eng
SK,Service Canada Centre,Services offered in English and French,Moose Jaw Service Canada Centre,https://www.servicecanada.gc.ca/tbsc-fsco/sc-dsp.jsp?rc=4316&lang=eng
SK,Service Canada Centre,Services offered in English and French,North Battleford Service Canada Centre,https://www.servicecanada.gc.ca/tbsc-fsco/sc-dsp.jsp?rc=4304&lang=eng
SK,Service Canada Centre,Services offered in English and French,Prince Albert Service Canada Centre,https://www.servicecanada.gc.ca/tbsc-fsco/sc-dsp.jsp?rc=4306&lang=eng
SK,Service Canada Centre,Services offered in English,Buffalo Narrows Service Canada Centre,https://www.servicecanada.gc.ca/tbsc-fsco/sc-dsp.jsp?rc=4358&lang=eng
SK,Service Canada Centre,Services offered in English,Estevan Service Canada Centre,https://www.servicecanada.gc.ca/tbsc-fsco/sc-dsp.jsp?rc=4401&lang=eng
SK,Service Canada Centre,Services offered in English,La Ronge Service Canada Centre,https://www.servicecanada.gc.ca/tbsc-fsco/sc-dsp.jsp?rc=4355&lang=eng
SK,Service Canada Centre,Services offered in English,Melfort Service Canada Centre,https://www.servicecanada.gc.ca/tbsc-fsco/sc-dsp.jsp?rc=4334&lang=eng
SK,Service Canada Centre,Services offered in English,Swift Current Service Canada Centre,https://www.servicecanada.gc.ca/tbsc-fsco/sc-dsp.jsp?rc=4341&lang=eng
SK,Service Canada Centre,Services offered in English,Weyburn Service Canada Centre,https://www.servicecanada.gc.ca/tbsc-fsco/sc-dsp.jsp?rc=4344&lang=eng
SK,Service Canada Centre,Services offered in English,Yorkton Service Canada Centre,https://www.servicecanada.gc.ca/tbsc-fsco/sc-dsp.jsp?rc=4388&lang=eng
SK,Service Canada Centre and Passport Office (consolidated),Services offered in English and French,Regina Service Canada Centre and Passport Services,https://www.servicecanada.gc.ca/tbsc-fsco/sc-dsp.jsp?rc=4317&lang=eng
SK,Service Canada Centre and Passport Office (consolidated),Services offered in English and French,Saskatoon Service Canada Centre and Passport Services,https://www.servicecanada.gc.ca/tbsc-fsco/sc-dsp.jsp?rc=4318&lang=eng
SK,Scheduled Outreach Site,Services offered in English and French,Gravelbourg Scheduled Outreach Site,https://www.servicecanada.gc.ca/tbsc-fsco/sc-dsp.jsp?rc=SK-SAQ&lang=eng
SK,Scheduled Outreach Site,Services offered in English and French,Ponteix Scheduled Outreach Site,https://www.servicecanada.gc.ca/tbsc-fsco/sc-dsp.jsp?rc=SK-SBK&lang=eng
SK,Scheduled Outreach Site,Services offered in English and French,Zenon Park Scheduled Outreach Site,https://www.servicecanada.gc.ca/tbsc-fsco/sc-dsp.jsp?rc=SK-SAY&lang=eng
SK,Scheduled Outreach Site,Services offered in English,Assiniboia Scheduled Outreach Site,https://www.servicecanada.gc.ca/tbsc-fsco/sc-dsp.jsp?rc=SK-SBD&lang=eng
SK,Scheduled Outreach Site,Services offered in English,Beauval Scheduled Outreach Site,https://www.servicecanada.gc.ca/tbsc-fsco/sc-dsp.jsp?rc=SK-SBQ&lang=eng
SK,Scheduled Outreach Site,Services offered in English,Black Lake Scheduled Outreach Site,https://www.servicecanada.gc.ca/tbsc-fsco/sc-dsp.jsp?rc=SK-SBM&lang=eng
SK,Scheduled Outreach Site,Services offered in English,Carlyle Scheduled Outreach Site,https://www.servicecanada.gc.ca/tbsc-fsco/sc-dsp.jsp?rc=SK-SBH&lang=eng
SK,Scheduled Outreach Site,Services offered in English,Davidson Scheduled Outreach Site,https://www.servicecanada.gc.ca/tbsc-fsco/sc-dsp.jsp?rc=SK-SAM&lang=eng
SK,Scheduled Outreach Site,Services offered in English,Esterhazy Scheduled Outreach Site,https://www.servicecanada.gc.ca/tbsc-fsco/sc-dsp.jsp?rc=SK-SBU&lang=eng
SK,Scheduled Outreach Site,Services offered in English,Fond-du-Lac Scheduled Outreach Site,https://www.servicecanada.gc.ca/tbsc-fsco/sc-dsp.jsp?rc=SK-SAV&lang=eng
SK,Scheduled Outreach Site,Services offered in English,Fort Qu'Appelle Scheduled Outreach Site,https://www.servicecanada.gc.ca/tbsc-fsco/sc-dsp.jsp?rc=SK-SCA&lang=eng
SK,Scheduled Outreach Site,Services offered in English,Hudson Bay Scheduled Outreach Site,https://www.servicecanada.gc.ca/tbsc-fsco/sc-dsp.jsp?rc=SK-SAR&lang=eng
SK,Scheduled Outreach Site,Services offered in English,Humboldt Scheduled Outreach Site,https://www.servicecanada.gc.ca/tbsc-fsco/sc-dsp.jsp?rc=SK-SAU&lang=eng
SK,Scheduled Outreach Site,Services offered in English,Île-à-la-Crosse Scheduled Outreach Site,https://www.servicecanada.gc.ca/tbsc-fsco/sc-dsp.jsp?rc=SK-SBP&lang=eng
SK,Scheduled Outreach Site,Services offered in English,Kamsack Scheduled Outreach Site,https://www.servicecanada.gc.ca/tbsc-fsco/sc-dsp.jsp?rc=SK-SCB&lang=eng
SK,Scheduled Outreach Site,Services offered in English,Kindersley Scheduled Outreach Site,https://www.servicecanada.gc.ca/tbsc-fsco/sc-dsp.jsp?rc=SK-SAO&lang=eng
SK,Scheduled Outreach Site,Services offered in English,La Loche Scheduled Outreach Site,https://www.servicecanada.gc.ca/tbsc-fsco/sc-dsp.jsp?rc=SK-SBS&lang=eng
SK,Scheduled Outreach Site,Services offered in English,Lanigan Scheduled Outreach Site,https://www.servicecanada.gc.ca/tbsc-fsco/sc-dsp.jsp?rc=SK-SBY&lang=eng
SK,Scheduled Outreach Site,Services offered in English,Maple Creek Scheduled Outreach Site,https://www.servicecanada.gc.ca/tbsc-fsco/sc-dsp.jsp?rc=SK-SBC&lang=eng
SK,Scheduled Outreach Site,Services offered in English,Meadow Lake Scheduled Outreach Site,https://www.servicecanada.gc.ca/tbsc-fsco/sc-dsp.jsp?rc=SK-SBF&lang=eng
SK,Scheduled Outreach Site,Services offered in English,Montreal Lake/Timber Bay Scheduled Outreach Site,https://www.servicecanada.gc.ca/tbsc-fsco/sc-dsp.jsp?rc=SK-SCF&lang=eng
SK,Scheduled Outreach Site,Services offered in English,Moosomin Scheduled Outreach Site,https://www.servicecanada.gc.ca/tbsc-fsco/sc-dsp.jsp?rc=SK-SBT&lang=eng
SK,Scheduled Outreach Site,Services offered in English,Nipawin Scheduled Outreach Site,https://www.servicecanada.gc.ca/tbsc-fsco/sc-dsp.jsp?rc=SK-SBE&lang=eng
SK,Scheduled Outreach Site,Services offered in English,Pelican Narrows Scheduled Outreach Site,https://www.servicecanada.gc.ca/tbsc-fsco/sc-dsp.jsp?rc=SK-SBV&lang=eng
SK,Scheduled Outreach Site,Services offered in English,Porcupine Plain Scheduled Outreach Site,https://www.servicecanada.gc.ca/tbsc-fsco/sc-dsp.jsp?rc=SK-SCH&lang=eng
SK,Scheduled Outreach Site,Services offered in English,Preeceville Scheduled Outreach Site,https://www.servicecanada.gc.ca/tbsc-fsco/sc-dsp.jsp?rc=SK-SAP&lang=eng
SK,Scheduled Outreach Site,Services offered in English,Regina North Central Scheduled Outreach Site,https://www.servicecanada.gc.ca/tbsc-fsco/sc-dsp.jsp?rc=SK-SBB&lang=eng
SK,Scheduled Outreach Site,Services offered in English,Rosetown Scheduled Outreach Site,https://www.servicecanada.gc.ca/tbsc-fsco/sc-dsp.jsp?rc=SK-SCG&lang=eng
SK,Scheduled Outreach Site,Services offered in English,Rosthern Scheduled Outreach Site,https://www.servicecanada.gc.ca/tbsc-fsco/sc-dsp.jsp?rc=SK-SCD&lang=eng
SK,Scheduled Outreach Site,Services offered in English,Sandy Bay Scheduled Outreach Site,https://www.servicecanada.gc.ca/tbsc-fsco/sc-dsp.jsp?rc=SK-SBW&lang=eng
SK,Scheduled Outreach Site,Services offered in English,Shaunavon Scheduled Outreach Site,https://www.servicecanada.gc.ca/tbsc-fsco/sc-dsp.jsp?rc=SK-SBA&lang=eng
SK,Scheduled Outreach Site,Services offered in English,Stanley Mission Scheduled Outreach Site,https://www.servicecanada.gc.ca/tbsc-fsco/sc-dsp.jsp?rc=SK-SBX&lang=eng
SK,Scheduled Outreach Site,Services offered in English,Stony Rapids Scheduled Outreach Site,https://www.servicecanada.gc.ca/tbsc-fsco/sc-dsp.jsp?rc=SK-SAT&lang=eng
SK,Scheduled Outreach Site,Services offered in English,Unity Scheduled Outreach Site,https://www.servicecanada.gc.ca/tbsc-fsco/sc-dsp.jsp?rc=SK-SCE&lang=eng
SK,Scheduled Outreach Site,Services offered in English,Uranium City Scheduled Outreach Site,https://www.servicecanada.gc.ca/tbsc-fsco/sc-dsp.jsp?rc=SK-SBO&lang=eng
SK,Scheduled Outreach Site,Services offered in English,Wollaston Lake Scheduled Outreach Site,https://www.servicecanada.gc.ca/tbsc-fsco/sc-dsp.jsp?rc=SK-SAW&lang=eng
SK,Scheduled Outreach Site,Services offered in English,Wynyard Scheduled Outreach Site,https://www.servicecanada.gc.ca/tbsc-fsco/sc-dsp.jsp?rc=SK-SBG&lang=eng
MB,Service Canada Centre,Services offered in English and French,Brandon Service Canada Centre,https://www.servicecanada.gc.ca/tbsc-fsco/sc-dsp.jsp?rc=4162&lang=eng
MB,Service Canada Centre,Services offered in English and French,Morden Service Canada Centre,https://www.servicecanada.gc.ca/tbsc-fsco/sc-dsp.jsp?rc=4113&lang=eng
MB,Service Canada Centre,Services offered in English and French,Notre-Dame-de-Lourdes Service Canada Centre,https://www.servicecanada.gc.ca/tbsc-fsco/sc-dsp.jsp?rc=4152&lang=eng
MB,Service Canada Centre,Services offered in English and French,Portage la Prairie Service Canada Centre,https://www.servicecanada.gc.ca/tbsc-fsco/sc-dsp.jsp?rc=4114&lang=eng
MB,Service Canada Centre,Services offered in English and French,St-Pierre-Jolys Service Canada Centre,https://www.servicecanada.gc.ca/tbsc-fsco/sc-dsp.jsp?rc=4153&lang=eng
MB,Service Canada Centre,Services offered in English and French,Steinbach Service Canada Centre,https://www.servicecanada.gc.ca/tbsc-fsco/sc-dsp.jsp?rc=4233&lang=eng
MB,Service Canada Centre,Services offered in English and French,Winnipeg Portage Place Service Canada Centre,https://www.servicecanada.gc.ca/tbsc-fsco/sc-dsp.jsp?rc=4123&lang=eng
MB,Service Canada Centre,Services offered in English and French,Winnipeg Taylor Service Canada Centre,https://www.servicecanada.gc.ca/tbsc-fsco/sc-dsp.jsp?rc=4118&lang=eng
MB,Service Canada Centre,Services offered in English,Dauphin Service Canada Centre,https://www.servicecanada.gc.ca/tbsc-fsco/sc-dsp.jsp?rc=4137&lang=eng
MB,Service Canada Centre,Services offered in English,Flin Flon Service Canada Centre,https://www.servicecanada.gc.ca/tbsc-fsco/sc-dsp.jsp?rc=4235&lang=eng
MB,Service Canada Centre,Services offered in English,Selkirk Service Canada Centre,https://www.servicecanada.gc.ca/tbsc-fsco/sc-dsp.jsp?rc=4234&lang=eng
MB,Service Canada Centre,Services offered in English,Swan River Service Canada Centre,https://www.servicecanada.gc.ca/tbsc-fsco/sc-dsp.jsp?rc=4138&lang=eng
MB,Service Canada Centre,Services offered in English,The Pas Service Canada Centre,https://www.servicecanada.gc.ca/tbsc-fsco/sc-dsp.jsp?rc=4209&lang=eng
MB,Service Canada Centre,Services offered in English,Thompson Service Canada Centre,https://www.servicecanada.gc.ca/tbsc-fsco/sc-dsp.jsp?rc=4236&lang=eng
MB,Service Canada Centre,Services offered in English,Winnipeg Crestview Service Canada Centre,https://www.servicecanada.gc.ca/tbsc-fsco/sc-dsp.jsp?rc=4122&lang=eng
MB,Service Canada Centre,Services offered in English,Winnipeg Rivergrove Service Canada Centre,https://www.servicecanada.gc.ca/tbsc-fsco/sc-dsp.jsp?rc=4117&lang=eng
MB,Passport Office,Services offered in English and French,Winnipeg Service Canada Centre - Passport Services,https://www.servicecanada.gc.ca/tbsc-fsco/sc-dsp.jsp?rc=4000&lang=eng
MB,Scheduled Outreach Site,Services offered in English and French,Sprague Scheduled Outreach Site,https://www.servicecanada.gc.ca/tbsc-fsco/sc-dsp.jsp?rc=MB-SBF&lang=eng
MB,Scheduled Outreach Site,Services offered in English and French,St. Laurent Scheduled Outreach Site,https://www.servicecanada.gc.ca/tbsc-fsco/sc-dsp.jsp?rc=MB-SBJ&lang=eng
MB,Scheduled Outreach Site,Services offered in English and French,Winnipeg St. Boniface Scheduled Outreach Site,https://www.servicecanada.gc.ca/tbsc-fsco/sc-dsp.jsp?rc=MB-SBM&lang=eng
MB,Scheduled Outreach Site,Services offered in English,Altona Scheduled Outreach Site,https://www.servicecanada.gc.ca/tbsc-fsco/sc-dsp.jsp?rc=MB-SAS&lang=eng
MB,Scheduled Outreach Site,Services offered in English,Arborg Scheduled Outreach Site,https://www.servicecanada.gc.ca/tbsc-fsco/sc-dsp.jsp?rc=MB-SAA&lang=eng
MB,Scheduled Outreach Site,Services offered in English,Ashern Scheduled Outreach Site,https://www.servicecanada.gc.ca/tbsc-fsco/sc-dsp.jsp?rc=MB-SAB&lang=eng
MB,Scheduled Outreach Site,Services offered in English,Churchill Scheduled Outreach Site,https://www.servicecanada.gc.ca/tbsc-fsco/sc-dsp.jsp?rc=MB-SBL&lang=eng
MB,Scheduled Outreach Site,Services offered in English,Cross Lake Scheduled Outreach Site,https://www.servicecanada.gc.ca/tbsc-fsco/sc-dsp.jsp?rc=MB-SBO&lang=eng
MB,Scheduled Outreach Site,Services offered in English,Deloraine Scheduled Outreach Site,https://www.servicecanada.gc.ca/tbsc-fsco/sc-dsp.jsp?rc=MB-SAG&lang=eng
MB,Scheduled Outreach Site,Services offered in English,Fisher Branch Scheduled Outreach Site,https://www.servicecanada.gc.ca/tbsc-fsco/sc-dsp.jsp?rc=MB-SAI&lang=eng
MB,Scheduled Outreach Site,Services offered in English,Gimli Scheduled Outreach Site,https://www.servicecanada.gc.ca/tbsc-fsco/sc-dsp.jsp?rc=MB-SAK&lang=eng
MB,Scheduled Outreach Site,Services offered in English,Killarney Scheduled Outreach Site,https://www.servicecanada.gc.ca/tbsc-fsco/sc-dsp.jsp?rc=MB-SAN&lang=eng
MB,Scheduled Outreach Site,Services offered in English,Lac du Bonnet Scheduled Outreach Site,https://www.servicecanada.gc.ca/tbsc-fsco/sc-dsp.jsp?rc=MB-SAO&lang=eng
MB,Scheduled Outreach Site,Services offered in English,Leaf Rapids Scheduled Outreach Site,https://www.servicecanada.gc.ca/tbsc-fsco/sc-dsp.jsp?rc=MB-SBQ&lang=eng
MB,Scheduled Outreach Site,Services offered in English,Lynn Lake Scheduled Outreach Site,https://www.servicecanada.gc.ca/tbsc-fsco/sc-dsp.jsp?rc=MB-SBR&lang=eng
MB,Scheduled Outreach Site,Services offered in English,Minnedosa Scheduled Outreach Site,https://www.servicecanada.gc.ca/tbsc-fsco/sc-dsp.jsp?rc=MB-SAR&lang=eng
MB,Scheduled Outreach Site,Services offered in English,Neepawa Scheduled Outreach Site,https://www.servicecanada.gc.ca/tbsc-fsco/sc-dsp.jsp?rc=MB-SAT&lang=eng
MB,Scheduled Outreach Site,Services offered in English,Norway House Scheduled Outreach Site,https://www.servicecanada.gc.ca/tbsc-fsco/sc-dsp.jsp?rc=MB-SBN&lang=eng
MB,Scheduled Outreach Site,Services offered in English,Roblin Scheduled Outreach Site,https://www.servicecanada.gc.ca/tbsc-fsco/sc-dsp.jsp?rc=MB-SBP&lang=eng
MB,Scheduled Outreach Site,Services offered in English,Russell Scheduled Outreach Site,https://www.servicecanada.gc.ca/tbsc-fsco/sc-dsp.jsp?rc=MB-SAV&lang=eng
MB,Scheduled Outreach Site,Services offered in English,Shoal Lake Scheduled Outreach Site,https://www.servicecanada.gc.ca/tbsc-fsco/sc-dsp.jsp?rc=MB-SAW&lang=eng
MB,Scheduled Outreach Site,Services offered in English,Snow Lake Scheduled Outreach Site,https://www.servicecanada.gc.ca/tbsc-fsco/sc-dsp.jsp?rc=MB-SBB&lang=eng
MB,Scheduled Outreach Site,Services offered in English,St-Georges Scheduled Outreach Site,https://www.servicecanada.gc.ca/tbsc-fsco/sc-dsp.jsp?rc=MB-SBK&lang=eng
MB,Scheduled Outreach Site,Services offered in English,Virden Scheduled Outreach Site,https://www.servicecanada.gc.ca/tbsc-fsco/sc-dsp.jsp?rc=MB-SBA&lang=eng
ON,Service Canada Centre,Services offered in English and French,Barrie Service Canada Centre,https://www.servicecanada.gc.ca/tbsc-fsco/sc-dsp.jsp?rc=3582&lang=eng
ON,Service Canada Centre,Services offered in English and French,Belleville Service Canada Centre,https://www.servicecanada.gc.ca/tbsc-fsco/sc-dsp.jsp?rc=3607&lang=eng
ON,Service Canada Centre,Services offered in English and French,Brantford Service Canada Centre,https://www.servicecanada.gc.ca/tbsc-fsco/sc-dsp.jsp?rc=3551&lang=eng
ON,Service Canada Centre,Services offered in English and French,Brockville Service Canada Centre,https://www.servicecanada.gc.ca/tbsc-fsco/sc-dsp.jsp?rc=3102&lang=eng
ON,Service Canada Centre,Services offered in English and French,Cambridge Service Canada Centre,https://www.servicecanada.gc.ca/tbsc-fsco/sc-dsp.jsp?rc=3451&lang=eng
ON,Service Canada Centre,Services offered in English and French,Chatham-Kent Service Canada Centre,https://www.servicecanada.gc.ca/tbsc-fsco/sc-dsp.jsp?rc=3556&lang=eng
ON,Service Canada Centre,Services offered in English and French,Cornwall Service Canada Centre,https://www.servicecanada.gc.ca/tbsc-fsco/sc-dsp.jsp?rc=3625&lang=eng
ON,Service Canada Centre,Services offered in English and French,Elliot Lake Service Canada Centre,https://www.servicecanada.gc.ca/tbsc-fsco/sc-dsp.jsp?rc=3751&lang=eng
ON,Service Canada Centre,Services offered in English and French,Espanola Service Canada Centre,https://www.servicecanada.gc.ca/tbsc-fsco/sc-dsp.jsp?rc=3762&lang=eng
ON,Service Canada Centre,Services offered in English and French,Geraldton Service Canada Centre,https://www.servicecanada.gc.ca/tbsc-fsco/sc-dsp.jsp?rc=3269&lang=eng
ON,Service Canada Centre,Services offered in English and French,Guelph Service Canada Centre,https://www.servicecanada.gc.ca/tbsc-fsco/sc-dsp.jsp?rc=3559&lang=eng
ON,Service Canada Centre,Services offered in English and French,Hawkesbury Service Canada Centre,https://www.servicecanada.gc.ca/tbsc-fsco/sc-dsp.jsp?rc=3109&lang=eng
ON,Service Canada Centre,Services offered in English and French,Kapuskasing Service Canada Centre,https://www.servicecanada.gc.ca/tbsc-fsco/sc-dsp.jsp?rc=3552&lang=eng
ON,Service Canada Centre,Services offered in English and French,Kingston Service Canada Centre,https://www.servicecanada.gc.ca/tbsc-fsco/sc-dsp.jsp?rc=3792&lang=eng
ON,Service Canada Centre,Services offered in English and French,Kirkland Lake Service Canada Centre,https://www.servicecanada.gc.ca/tbsc-fsco/sc-dsp.jsp?rc=3754&lang=eng
ON,Service Canada Centre,Services offered in English and French,Lindsay Service Canada Centre,https://www.servicecanada.gc.ca/tbsc-fsco/sc-dsp.jsp?rc=3209&lang=eng
ON,Service Canada Centre,Services offered in English and French,London Service Canada Centre,https://www.servicecanada.gc.ca/tbsc-fsco/sc-dsp.jsp?rc=3620&lang=eng
ON,Service Canada Centre,Services offered in English and French,Marathon Service Canada Centre,https://www.servicecanada.gc.ca/tbsc-fsco/sc-dsp.jsp?rc=3618&lang=eng
ON,Service Canada Centre,Services offered in English and French,Midland Service Canada Centre,https://www.servicecanada.gc.ca/tbsc-fsco/sc-dsp.jsp?rc=3596&lang=eng
ON,Service Canada Centre,Services offered in English and French,New Liskeard Service Canada Centre,https://www.servicecanada.gc.ca/tbsc-fsco/sc-dsp.jsp?rc=3755&lang=eng
ON,Service Canada Centre,Services offered in English and French,North Bay Service Canada Centre,https://www.servicecanada.gc.ca/tbsc-fsco/sc-dsp.jsp?rc=3568&lang=eng
ON,Service Canada Centre,Services offered in English and French,Orillia Service Canada Centre,https://www.servicecanada.gc.ca/tbsc-fsco/sc-dsp.jsp?rc=3595&lang=eng
ON,Service Canada Centre,Services offered in English and French,Oshawa (Midtown Mall) Service Canada Centre,https://www.servicecanada.gc.ca/tbsc-fsco/sc-dsp.jsp?rc=3599&lang=eng
ON,Service Canada Centre,Services offered in English and French,Pembroke Service Canada Centre,https://www.servicecanada.gc.ca/tbsc-fsco/sc-dsp.jsp?rc=3554&lang=eng
ON,Service Canada Centre,Services offered in English and French,Peterborough Service Canada Centre,https://www.servicecanada.gc.ca/tbsc-fsco/sc-dsp.jsp?rc=3563&lang=eng
ON,Service Canada Centre,Services offered in English and French,Sarnia Service Canada Centre,https://www.servicecanada.gc.ca/tbsc-fsco/sc-dsp.jsp?rc=3571&lang=eng
ON,Service Canada Centre,Services offered in English and French,Sault Ste. Marie Service Canada Centre,https://www.servicecanada.gc.ca/tbsc-fsco/sc-dsp.jsp?rc=3546&lang=eng
ON,Service Canada Centre,Services offered in English and French,Simcoe Service Canada Centre,https://www.servicecanada.gc.ca/tbsc-fsco/sc-dsp.jsp?rc=3361&lang=eng
ON,Service Canada Centre,Services offered in English and French,Sudbury Service Canada Centre,https://www.servicecanada.gc.ca/tbsc-fsco/sc-dsp.jsp?rc=3612&lang=eng
ON,Service Canada Centre,Services offered in English and French,Thunder Bay Service Canada Centre,https://www.servicecanada.gc.ca/tbsc-fsco/sc-dsp.jsp?rc=3616&lang=eng
ON,Service Canada Centre,Services offered in English and French,Timmins Service Canada Centre,https://www.servicecanada.gc.ca/tbsc-fsco/sc-dsp.jsp?rc=3548&lang=eng
ON,Service Canada Centre,Services offered in English and French,Toronto - Scarborough Service Canada Centre,https://www.servicecanada.gc.ca/tbsc-fsco/sc-dsp.jsp?rc=3583&lang=eng
ON,Service Canada Centre,Services offered in English and French,Trenton Service Canada Centre,https://www.servicecanada.gc.ca/tbsc-fsco/sc-dsp.jsp?rc=3221&lang=eng
ON,Service Canada Centre,Services offered in English and French,Welland Service Canada Centre,https://www.servicecanada.gc.ca/tbsc-fsco/sc-dsp.jsp?rc=3565&lang=eng
ON,Service Canada Centre,Services offered in English and French,Windsor Service Canada Centre,https://www.servicecanada.gc.ca/tbsc-fsco/sc-dsp.jsp?rc=3577&lang=eng
ON,Service Canada Centre,Services offered in English,Ajax Service Canada Centre,https://www.servicecanada.gc.ca/tbsc-fsco/sc-dsp.jsp?rc=3570&lang=eng
ON,Service Canada Centre,Services offered in English,Arnprior Service Canada Centre,https://www.servicecanada.gc.ca/tbsc-fsco/sc-dsp.jsp?rc=3101&lang=eng
ON,Service Canada Centre,Services offered in English,Bancroft Service Canada Centre,https://www.servicecanada.gc.ca/tbsc-fsco/sc-dsp.jsp?rc=3562&lang=eng
ON,Service Canada Centre,Services offered in English,Bracebridge Service Canada Centre,https://www.servicecanada.gc.ca/tbsc-fsco/sc-dsp.jsp?rc=3597&lang=eng
ON,Service Canada Centre,Services offered in English,Brampton Service Canada Centre,https://www.servicecanada.gc.ca/tbsc-fsco/sc-dsp.jsp?rc=3841&lang=eng
ON,Service Canada Centre,Services offered in English,Burlington Service Canada Centre,https://www.servicecanada.gc.ca/tbsc-fsco/sc-dsp.jsp?rc=3555&lang=eng
ON,Service Canada Centre,Services offered in English,Carleton Place Service Canada Centre,https://www.servicecanada.gc.ca/tbsc-fsco/sc-dsp.jsp?rc=3103&lang=eng
ON,Service Canada Centre,Services offered in English,Cobourg Service Canada Centre,https://www.servicecanada.gc.ca/tbsc-fsco/sc-dsp.jsp?rc=3207&lang=eng
ON,Service Canada Centre,Services offered in English,Collingwood Service Canada Centre,https://www.servicecanada.gc.ca/tbsc-fsco/sc-dsp.jsp?rc=3590&lang=eng
ON,Service Canada Centre,Services offered in English,Dryden Service Canada Centre,https://www.servicecanada.gc.ca/tbsc-fsco/sc-dsp.jsp?rc=3628&lang=eng
ON,Service Canada Centre,Services offered in English,Fort Frances Service Canada Centre,https://www.servicecanada.gc.ca/tbsc-fsco/sc-dsp.jsp?rc=3601&lang=eng
ON,Service Canada Centre,Services offered in English,Gananoque Service Canada Centre,https://www.servicecanada.gc.ca/tbsc-fsco/sc-dsp.jsp?rc=3108&lang=eng
ON,Service Canada Centre,Services offered in English,Georgetown Service Canada Centre,https://www.servicecanada.gc.ca/tbsc-fsco/sc-dsp.jsp?rc=3252&lang=eng
ON,Service Canada Centre,Services offered in English,Goderich Service Canada Centre,https://www.servicecanada.gc.ca/tbsc-fsco/sc-dsp.jsp?rc=3452&lang=eng
ON,Service Canada Centre,Services offered in English,Kenora Service Canada Centre,https://www.servicecanada.gc.ca/tbsc-fsco/sc-dsp.jsp?rc=3514&lang=eng
ON,Service Canada Centre,Services offered in English,Kitchener Service Canada Centre,https://www.servicecanada.gc.ca/tbsc-fsco/sc-dsp.jsp?rc=3580&lang=eng
ON,Service Canada Centre,Services offered in English,Leamington Service Canada Centre,https://www.servicecanada.gc.ca/tbsc-fsco/sc-dsp.jsp?rc=3600&lang=eng
ON,Service Canada Centre,Services offered in English,Listowel Service Canada Centre,https://www.servicecanada.gc.ca/tbsc-fsco/sc-dsp.jsp?rc=3462&lang=eng
ON,Service Canada Centre,Services offered in English,Malton Service Canada Centre,https://www.servicecanada.gc.ca/tbsc-fsco/sc-dsp.jsp?rc=3831&lang=eng
ON,Service Canada Centre,Services offered in English,Markham Service Canada Centre,https://www.servicecanada.gc.ca/tbsc-fsco/sc-dsp.jsp?rc=3113&lang=eng
ON,Service Canada Centre,Services offered in English,Milton Service Canada Centre,https://www.servicecanada.gc.ca/tbsc-fsco/sc-dsp.jsp?rc=3256&lang=eng
ON,Service Canada Centre,Services offered in English,Mississauga Service Canada Centre,https://www.servicecanada.gc.ca/tbsc-fsco/sc-dsp.jsp?rc=3830&lang=eng
ON,Service Canada Centre,Services offered in English,Napanee Service Canada Centre,https://www.servicecanada.gc.ca/tbsc-fsco/sc-dsp.jsp?rc=3210&lang=eng
ON,Service Canada Centre,Services offered in English,Newmarket Service Canada Centre,https://www.servicecanada.gc.ca/tbsc-fsco/sc-dsp.jsp?rc=3594&lang=eng
ON,Service Canada Centre,Services offered in English,Niagara Falls Service Canada Centre,https://www.servicecanada.gc.ca/tbsc-fsco/sc-dsp.jsp?rc=3566&lang=eng
ON,Service Canada Centre,Services offered in English,Oakville Service Canada Centre,https://www.servicecanada.gc.ca/tbsc-fsco/sc-dsp.jsp?rc=3502&lang=eng
ON,Service Canada Centre,Services offered in English,Orangeville Service Canada Centre,https://www.servicecanada.gc.ca/tbsc-fsco/sc-dsp.jsp?rc=3253&lang=eng
ON,Service Canada Centre,Services offered in English,Owen Sound Service Canada Centre,https://www.servicecanada.gc.ca/tbsc-fsco/sc-dsp.jsp?rc=3558&lang=eng
ON,Service Canada Centre,Services offered in English,Parry Sound Service Canada Centre,https://www.servicecanada.gc.ca/tbsc-fsco/sc-dsp.jsp?rc=3598&lang=eng
ON,Service Canada Centre,Services offered in English,Perth Service Canada Centre,https://www.servicecanada.gc.ca/tbsc-fsco/sc-dsp.jsp?rc=3131&lang=eng
ON,Service Canada Centre,Services offered in English,Picton Service Canada Centre,https://www.servicecanada.gc.ca/tbsc-fsco/sc-dsp.jsp?rc=3220&lang=eng
ON,Service Canada Centre,Services offered in English,Renfrew Service Canada Centre,https://www.servicecanada.gc.ca/tbsc-fsco/sc-dsp.jsp?rc=3140&lang=eng
ON,Service Canada Centre,Services offered in English,Richmond Hill Service Canada Centre,https://www.servicecanada.gc.ca/tbsc-fsco/sc-dsp.jsp?rc=3624&lang=eng
ON,Service Canada Centre,Services offered in English,Smiths Falls Service Canada Centre,https://www.servicecanada.gc.ca/tbsc-fsco/sc-dsp.jsp?rc=3141&lang=eng
ON,Service Canada Centre,Services offered in English,St. Catharines Service Canada Centre,https://www.servicecanada.gc.ca/tbsc-fsco/sc-dsp.jsp?rc=3573&lang=eng
ON,Service Canada Centre,Services offered in English,St. Thomas Service Canada Centre,https://www.servicecanada.gc.ca/tbsc-fsco/sc-dsp.jsp?rc=3359&lang=eng
ON,Service Canada Centre,Services offered in English,Stratford Service Canada Centre,https://www.servicecanada.gc.ca/tbsc-fsco/sc-dsp.jsp?rc=3465&lang=eng
ON,Service Canada Centre,Services offered in English,Tillsonburg Service Canada Centre,https://www.servicecanada.gc.ca/tbsc-fsco/sc-dsp.jsp?rc=3365&lang=eng
ON,Service Canada Centre,Services offered in English,Toronto - College Street Service Canada Centre,https://www.servicecanada.gc.ca/tbsc-fsco/sc-dsp.jsp?rc=3591&lang=eng
ON,Service Canada Centre,Services offered in English,Toronto - Etobicoke Service Canada Centre,https://www.servicecanada.gc.ca/tbsc-fsco/sc-dsp.jsp?rc=3589&lang=eng
ON,Service Canada Centre,Services offered in English,Toronto - Gerrard Square Service Canada Centre,https://www.servicecanada.gc.ca/tbsc-fsco/sc-dsp.jsp?rc=3258&lang=eng
ON,Service Canada Centre,Services offered in English,Toronto - Lawrence Square Service Canada Centre,https://www.servicecanada.gc.ca/tbsc-fsco/sc-dsp.jsp?rc=3538&lang=eng
ON,Service Canada Centre,Services offered in English,Toronto - Malvern Service Canada Centre,https://www.servicecanada.gc.ca/tbsc-fsco/sc-dsp.jsp?rc=3246&lang=eng
ON,Service Canada Centre,Services offered in English,Toronto - West Humber Service Canada Centre,https://www.servicecanada.gc.ca/tbsc-fsco/sc-dsp.jsp?rc=3588&lang=eng
ON,Service Canada Centre,Services offered in English,Walkerton Service Canada Centre,https://www.servicecanada.gc.ca/tbsc-fsco/sc-dsp.jsp?rc=3782&lang=eng
ON,Service Canada Centre,Services offered in English,Wallaceburg Service Canada Centre,https://www.servicecanada.gc.ca/tbsc-fsco/sc-dsp.jsp?rc=3414&lang=eng
ON,Service Canada Centre,Services offered in English,Woodstock Service Canada Centre,https://www.servicecanada.gc.ca/tbsc-fsco/sc-dsp.jsp?rc=3574&lang=eng
ON,Service Canada Centre and Passport Office (consolidated),Services offered in English and French,Hamilton Mountain Service Canada Centre and Passport Services,https://www.servicecanada.gc.ca/tbsc-fsco/sc-dsp.jsp?rc=3343&lang=eng
ON,Service Canada Centre and Passport Office (consolidated),Services offered in English and French,Ottawa East Service Canada Centre and Passport Services,https://www.servicecanada.gc.ca/tbsc-fsco/sc-dsp.jsp?rc=3545&lang=eng
ON,Service Canada Centre and Passport Office (consolidated),Services offered in English and French,Ottawa West Service Canada Centre and Passport Services,https://www.servicecanada.gc.ca/tbsc-fsco/sc-dsp.jsp?rc=3745&lang=eng
ON,Service Canada Centre and Passport Office (consolidated),Services offered in English and French,Toronto - North York Service Canada Centre and Passport Services,https://www.servicecanada.gc.ca/tbsc-fsco/sc-dsp.jsp?rc=3245&lang=eng
ON,Service Canada Centre and Passport Office (consolidated),Services offered in English,Hamilton East Service Canada Centre and Passport Services,https://www.servicecanada.gc.ca/tbsc-fsco/sc-dsp.jsp?rc=3510&lang=eng
ON,Passport Office,Services offered in English and French,Kitchener Service Canada Centre - Passport Services,https://www.servicecanada.gc.ca/tbsc-fsco/sc-dsp.jsp?rc=3010&lang=eng
ON,Passport Office,Services offered in English and French,London Service Canada Centre - Passport Services,https://www.servicecanada.gc.ca/tbsc-fsco/sc-dsp.jsp?rc=3009&lang=eng
ON,Passport Office,Services offered in English and French,St. Catharines Service Canada Centre - Passport Services,https://www.servicecanada.gc.ca/tbsc-fsco/sc-dsp.jsp?rc=3004&lang=eng
ON,Passport Office,Services offered in English and French,Thunder Bay Service Canada Centre - Passport Services,https://www.servicecanada.gc.ca/tbsc-fsco/sc-dsp.jsp?rc=3003&lang=eng
ON,Passport Office,Services offered in English and French,Whitby Service Canada Centre - Passport Services,https://www.servicecanada.gc.ca/tbsc-fsco/sc-dsp.jsp?rc=3001&lang=eng
ON,Passport Office,Services offered in English and French,Windsor Service Canada Centre - Passport Services,https://www.servicecanada.gc.ca/tbsc-fsco/sc-dsp.jsp?rc=3000&lang=eng
ON,Passport Office,Services offered in English,Brampton Service Canada Centre - Passport Services,https://www.servicecanada.gc.ca/tbsc-fsco/sc-dsp.jsp?rc=3012&lang=eng
ON,Passport Office,Services offered in English,Mississauga Service Canada Centre - Passport Services,https://www.servicecanada.gc.ca/tbsc-fsco/sc-dsp.jsp?rc=3008&lang=eng
ON,Passport Office,Services offered in English,Scarborough Service Canada Centre - Passport Services,https://www.servicecanada.gc.ca/tbsc-fsco/sc-dsp.jsp?rc=3005&lang=eng
ON,Passport Office,Services offered in English,Toronto Service Canada Centre - Passport Services,https://www.servicecanada.gc.ca/tbsc-fsco/sc-dsp.jsp?rc=3002&lang=eng
ON,Scheduled Outreach Site,Services offered in English and French,Alliston Scheduled Outreach Site,https://www.servicecanada.gc.ca/tbsc-fsco/sc-dsp.jsp?rc=ON-SAB&lang=eng
ON,Scheduled Outreach Site,Services offered in English and French,Attawapiskat Scheduled Outreach Site,https://www.servicecanada.gc.ca/tbsc-fsco/sc-dsp.jsp?rc=ON-SDU&lang=eng
ON,Scheduled Outreach Site,Services offered in English and French,Blind River Scheduled Outreach Site,https://www.servicecanada.gc.ca/tbsc-fsco/sc-dsp.jsp?rc=ON-SAV&lang=eng
ON,Scheduled Outreach Site,Services offered in English and French,Casselman Scheduled Outreach Site,https://www.servicecanada.gc.ca/tbsc-fsco/sc-dsp.jsp?rc=ON-SDC&lang=eng
ON,Scheduled Outreach Site,Services offered in English and French,Chapleau Scheduled Outreach Site,https://www.servicecanada.gc.ca/tbsc-fsco/sc-dsp.jsp?rc=ON-SAZ&lang=eng
ON,Scheduled Outreach Site,Services offered in English and French,Cochrane Scheduled Outreach Site,https://www.servicecanada.gc.ca/tbsc-fsco/sc-dsp.jsp?rc=ON-SDY&lang=eng
ON,Scheduled Outreach Site,Services offered in English and French,Dokis Scheduled Outreach Site,https://www.servicecanada.gc.ca/tbsc-fsco/sc-dsp.jsp?rc=ON-SEF&lang=eng
ON,Scheduled Outreach Site,Services offered in English and French,Fort Albany Scheduled Outreach Site,https://www.servicecanada.gc.ca/tbsc-fsco/sc-dsp.jsp?rc=ON-SDH&lang=eng
ON,Scheduled Outreach Site,Services offered in English and French,Gore Bay Scheduled Outreach Site,https://www.servicecanada.gc.ca/tbsc-fsco/sc-dsp.jsp?rc=ON-SEA&lang=eng
ON,Scheduled Outreach Site,Services offered in English and French,Hearst Scheduled Outreach Site,https://www.servicecanada.gc.ca/tbsc-fsco/sc-dsp.jsp?rc=ON-SDM&lang=eng
ON,Scheduled Outreach Site,Services offered in English and French,Iroquois Falls Scheduled Outreach Site,https://www.servicecanada.gc.ca/tbsc-fsco/sc-dsp.jsp?rc=ON-SAP&lang=eng
ON,Scheduled Outreach Site,Services offered in English and French,Kashechewan Scheduled Outreach Site,https://www.servicecanada.gc.ca/tbsc-fsco/sc-dsp.jsp?rc=ON-SDI&lang=eng
ON,Scheduled Outreach Site,Services offered in English and French,Moose Factory Scheduled Outreach Site,https://www.servicecanada.gc.ca/tbsc-fsco/sc-dsp.jsp?rc=ON-SCR&lang=eng
ON,Scheduled Outreach Site,Services offered in English and French,Moosonee Scheduled Outreach Site,https://www.servicecanada.gc.ca/tbsc-fsco/sc-dsp.jsp?rc=ON-SCS&lang=eng
ON,Scheduled Outreach Site,Services offered in English and French,Sturgeon Falls Scheduled Outreach Site,https://www.servicecanada.gc.ca/tbsc-fsco/sc-dsp.jsp?rc=ON-SGF&lang=eng
ON,Scheduled Outreach Site,Services offered in English and French,Terrace Bay Scheduled Outreach Site,https://www.servicecanada.gc.ca/tbsc-fsco/sc-dsp.jsp?rc=ON-SBI&lang=eng
ON,Scheduled Outreach Site,Services offered in English and French,Thessalon Scheduled Outreach Site,https://www.servicecanada.gc.ca/tbsc-fsco/sc-dsp.jsp?rc=ON-SDN&lang=eng
ON,Scheduled Outreach Site,Services offered in English and French,Wawa Scheduled Outreach Site,https://www.servicecanada.gc.ca/tbsc-fsco/sc-dsp.jsp?rc=ON-SDX&lang=eng
ON,Scheduled Outreach Site,Services offered in English and French,Wunnumin Lake First Nation Scheduled Outreach Site,https://www.servicecanada.gc.ca/tbsc-fsco/sc-dsp.jsp?rc=ON-SGC&lang=eng
ON,Scheduled Outreach Site,Services offered in English,Akwesasne Scheduled Outreach Site,https://www.servicecanada.gc.ca/tbsc-fsco/sc-dsp.jsp?rc=ON-SEB&lang=eng
ON,Scheduled Outreach Site,Services offered in English,Amherstburg Scheduled Outreach Site,https://www.servicecanada.gc.ca/tbsc-fsco/sc-dsp.jsp?rc=ON-SEZ&lang=eng
ON,Scheduled Outreach Site,Services offered in English,Atikokan Scheduled Outreach Site,https://www.servicecanada.gc.ca/tbsc-fsco/sc-dsp.jsp?rc=ON-SDV&lang=eng
ON,Scheduled Outreach Site,Services offered in English,Aylmer Scheduled Outreach Site,https://www.servicecanada.gc.ca/tbsc-fsco/sc-dsp.jsp?rc=ON-SCT&lang=eng
ON,Scheduled Outreach Site,Services offered in English,Caledon Scheduled Outreach Site,https://www.servicecanada.gc.ca/tbsc-fsco/sc-dsp.jsp?rc=ON-SCK&lang=eng
ON,Scheduled Outreach Site,Services offered in English,Cat Lake First Nation Scheduled Outreach Site,https://www.servicecanada.gc.ca/tbsc-fsco/sc-dsp.jsp?rc=ON-SER&lang=eng
ON,Scheduled Outreach Site,Services offered in English,Deer Lake First Nations Scheduled Outreach Site,https://www.servicecanada.gc.ca/tbsc-fsco/sc-dsp.jsp?rc=ON-CAC&lang=eng
ON,Scheduled Outreach Site,Services offered in English,Dundas Scheduled Outreach Site,https://www.servicecanada.gc.ca/tbsc-fsco/sc-dsp.jsp?rc=ON-SEL&lang=eng
ON,Scheduled Outreach Site,Services offered in English,Dunnville Scheduled Outreach Site,https://www.servicecanada.gc.ca/tbsc-fsco/sc-dsp.jsp?rc=ON-SEI&lang=eng
ON,Scheduled Outreach Site,Services offered in English,Exeter Scheduled Outreach Site,https://www.servicecanada.gc.ca/tbsc-fsco/sc-dsp.jsp?rc=ON-SAL&lang=eng
ON,Scheduled Outreach Site,Services offered in English,Fergus/Elora Scheduled Outreach site,https://www.servicecanada.gc.ca/tbsc-fsco/sc-dsp.jsp?rc=ON-SDO&lang=eng
ON,Scheduled Outreach Site,Services offered in English,Flamborough Scheduled Outreach Site,https://www.servicecanada.gc.ca/tbsc-fsco/sc-dsp.jsp?rc=ON-SEM&lang=eng
ON,Scheduled Outreach Site,Services offered in English,Fort Erie Scheduled Outreach Site,https://www.servicecanada.gc.ca/tbsc-fsco/sc-dsp.jsp?rc=ON-SEJ&lang=eng
ON,Scheduled Outreach Site,Services offered in English,Grimsby Scheduled Outreach Site,https://www.servicecanada.gc.ca/tbsc-fsco/sc-dsp.jsp?rc=ON-SFQ&lang=eng
ON,Scheduled Outreach Site,Services offered in English,Haliburton Scheduled Outreach Site,https://www.servicecanada.gc.ca/tbsc-fsco/sc-dsp.jsp?rc=ON-SAW&lang=eng
ON,Scheduled Outreach Site,Services offered in English,Hamilton City Hall Scheduled Outreach Site,https://www.servicecanada.gc.ca/tbsc-fsco/sc-dsp.jsp?rc=ON-SFN&lang=eng
ON,Scheduled Outreach Site,Services offered in English,Huntsville Scheduled Outreach Site,https://www.servicecanada.gc.ca/tbsc-fsco/sc-dsp.jsp?rc=ON-SEC&lang=eng
ON,Scheduled Outreach Site,Services offered in English,Kasabonika Lake First Nation Scheduled Outreach Site,https://www.servicecanada.gc.ca/tbsc-fsco/sc-dsp.jsp?rc=ON-CAI&lang=eng
ON,Scheduled Outreach Site,Services offered in English,Keewaywin First Nations Scheduled Outreach Site,https://www.servicecanada.gc.ca/tbsc-fsco/sc-dsp.jsp?rc=ON-SES&lang=eng
ON,Scheduled Outreach Site,Services offered in English,Kemptville Scheduled Outreach Site,https://www.servicecanada.gc.ca/tbsc-fsco/sc-dsp.jsp?rc=ON-SCF&lang=eng
ON,Scheduled Outreach Site,Services offered in English,Kettle and Stony Point First Nation Scheduled Outreach Site,https://www.servicecanada.gc.ca/tbsc-fsco/sc-dsp.jsp?rc=ON-SFF&lang=eng
ON,Scheduled Outreach Site,Services offered in English,Kingfisher Lake First Nation Scheduled Outreach Site,https://www.servicecanada.gc.ca/tbsc-fsco/sc-dsp.jsp?rc=ON-SFW&lang=eng
ON,Scheduled Outreach Site,Services offered in English,Lac Seul First Nation Scheduled Outreach Site,https://www.servicecanada.gc.ca/tbsc-fsco/sc-dsp.jsp?rc=ON-CAO&lang=eng
ON,Scheduled Outreach Site,Services offered in English,Mindemoya Scheduled Outreach Site,https://www.servicecanada.gc.ca/tbsc-fsco/sc-dsp.jsp?rc=ON-SDQ&lang=eng
ON,Scheduled Outreach Site,Services offered in English,Mishkeegogamang First Nation Scheduled Outreach Site,https://www.servicecanada.gc.ca/tbsc-fsco/sc-dsp.jsp?rc=ON-SEU&lang=eng
ON,Scheduled Outreach Site,Services offered in English,Muskrat Dam First Nation Scheduled Outreach Site,https://www.servicecanada.gc.ca/tbsc-fsco/sc-dsp.jsp?rc=ON-SFX&lang=eng
ON,Scheduled Outreach Site,Services offered in English,Neskantaga First Nation Scheduled Outreach Site,https://www.servicecanada.gc.ca/tbsc-fsco/sc-dsp.jsp?rc=ON-SEV&lang=eng
ON,Scheduled Outreach Site,Services offered in English,Nipigon Scheduled Outreach Site,https://www.servicecanada.gc.ca/tbsc-fsco/sc-dsp.jsp?rc=ON-SDJ&lang=eng
ON,Scheduled Outreach Site,Services offered in English,North Caribou Lake First Nation Scheduled Outreach Site,https://www.servicecanada.gc.ca/tbsc-fsco/sc-dsp.jsp?rc=ON-SFY&lang=eng
ON,Scheduled Outreach Site,Services offered in English,North Spirit Lake First Nation Scheduled Outreach Site,https://www.servicecanada.gc.ca/tbsc-fsco/sc-dsp.jsp?rc=ON-CAT&lang=eng
ON,Scheduled Outreach Site,Services offered in English,Oneida First Nations Scheduled Outreach Site,https://www.servicecanada.gc.ca/tbsc-fsco/sc-dsp.jsp?rc=ON-SFH&lang=eng
ON,Scheduled Outreach Site,Services offered in English,Pikangikum First Nation Scheduled Outreach Site,https://www.servicecanada.gc.ca/tbsc-fsco/sc-dsp.jsp?rc=ON-SFZ&lang=eng
ON,Scheduled Outreach Site,Services offered in English,Poplar Hill First Nation Scheduled Outreach Site,https://www.servicecanada.gc.ca/tbsc-fsco/sc-dsp.jsp?rc=ON-SGA&lang=eng
ON,Scheduled Outreach Site,Services offered in English,Port Colborne Scheduled Outreach Site,https://www.servicecanada.gc.ca/tbsc-fsco/sc-dsp.jsp?rc=ON-SEK&lang=eng
ON,Scheduled Outreach Site,Services offered in English,Prescott Scheduled Outreach Site,https://www.servicecanada.gc.ca/tbsc-fsco/sc-dsp.jsp?rc=ON-SGI&lang=eng
ON,Scheduled Outreach Site,Services offered in English,Red Lake Scheduled Outreach Site,https://www.servicecanada.gc.ca/tbsc-fsco/sc-dsp.jsp?rc=ON-SDW&lang=eng
ON,Scheduled Outreach Site,Services offered in English,Sachigo Lake First Nation Scheduled Outreach Site,https://www.servicecanada.gc.ca/tbsc-fsco/sc-dsp.jsp?rc=ON-SGB&lang=eng
ON,Scheduled Outreach Site,Services offered in English,Sandy Lake First Nation Scheduled Outreach Site,https://www.servicecanada.gc.ca/tbsc-fsco/sc-dsp.jsp?rc=ON-SFS&lang=eng
ON,Scheduled Outreach Site,Services offered in English,Shelburne Scheduled Outreach Site,https://www.servicecanada.gc.ca/tbsc-fsco/sc-dsp.jsp?rc=ON-SAK&lang=eng
ON,Scheduled Outreach Site,Services offered in English,Sioux Lookout Area Aboriginal Management Board Scheduled Outreach Site,https://www.servicecanada.gc.ca/tbsc-fsco/sc-dsp.jsp?rc=ON-SFT&lang=eng
ON,Scheduled Outreach Site,Services offered in English,Slate Falls First Nation Scheduled Outreach Site,https://www.servicecanada.gc.ca/tbsc-fsco/sc-dsp.jsp?rc=ON-CAS&lang=eng
ON,Scheduled Outreach Site,Services offered in English,Strathroy Scheduled Outreach Site,https://www.servicecanada.gc.ca/tbsc-fsco/sc-dsp.jsp?rc=ON-SCV&lang=eng
ON,Scheduled Outreach Site,Services offered in English,Summer Beaver First Nation Scheduled Outreach Site,https://www.servicecanada.gc.ca/tbsc-fsco/sc-dsp.jsp?rc=ON-SEW&lang=eng
ON,Scheduled Outreach Site,Services offered in English,Tilbury Scheduled Outreach Site,https://www.servicecanada.gc.ca/tbsc-fsco/sc-dsp.jsp?rc=ON-SAU&lang=eng
ON,Scheduled Outreach Site,Services offered in English,Uxbridge Scheduled Outreach Site,https://www.servicecanada.gc.ca/tbsc-fsco/sc-dsp.jsp?rc=ON-SDL&lang=eng
ON,Scheduled Outreach Site,Services offered in English,Wapekeka First Nations Scheduled Outreach Site,https://www.servicecanada.gc.ca/tbsc-fsco/sc-dsp.jsp?rc=ON-CAL&lang=eng
ON,Scheduled Outreach Site,Services offered in English,Wasaga Beach Scheduled Outreach Site,https://www.servicecanada.gc.ca/tbsc-fsco/sc-dsp.jsp?rc=ON-SFC&lang=eng
ON,Scheduled Outreach Site,Services offered in English,Webequie First Nation Scheduled Outreach Site,https://www.servicecanada.gc.ca/tbsc-fsco/sc-dsp.jsp?rc=ON-SEY&lang=eng
ON,Scheduled Outreach Site,Services offered in English,West Lorne Scheduled Outreach Site,https://www.servicecanada.gc.ca/tbsc-fsco/sc-dsp.jsp?rc=ON-SBH&lang=eng
ON,Scheduled Outreach Site,Services offered in English,Wiarton Scheduled Outreach Site,https://www.servicecanada.gc.ca/tbsc-fsco/sc-dsp.jsp?rc=ON-SCU&lang=eng
ON,Scheduled Outreach Site,Services offered in English,Wikwemikong Scheduled Outreach Site,https://www.servicecanada.gc.ca/tbsc-fsco/sc-dsp.jsp?rc=ON-SDT&lang=eng
ON,Scheduled Outreach Site,Services offered in English,Wingham Scheduled Outreach Site,https://www.servicecanada.gc.ca/tbsc-fsco/sc-dsp.jsp?rc=ON-SFB&lang=eng
QC,Service Canada Centre,Services offered in English and French,Brossard Service Canada Centre,https://www.servicecanada.gc.ca/tbsc-fsco/sc-dsp.jsp?rc=2373&lang=eng
QC,Service Canada Centre,Services offered in English and French,Campbell's Bay Service Canada Centre,https://www.servicecanada.gc.ca/tbsc-fsco/sc-dsp.jsp?rc=2449&lang=eng
QC,Service Canada Centre,Services offered in English and French,Cap-aux-Meules Service Canada Centre,https://www.servicecanada.gc.ca/tbsc-fsco/sc-dsp.jsp?rc=2310&lang=eng
QC,Service Canada Centre,Services offered in English and French,Chandler Service Canada Centre,https://www.servicecanada.gc.ca/tbsc-fsco/sc-dsp.jsp?rc=2448&lang=eng
QC,Service Canada Centre,Services offered in English and French,Châteauguay Service Canada Centre,https://www.servicecanada.gc.ca/tbsc-fsco/sc-dsp.jsp?rc=2443&lang=eng
QC,Service Canada Centre,Services offered in English and French,Chisasibi Service Canada Centre,https://www.servicecanada.gc.ca/tbsc-fsco/sc-dsp.jsp?rc=2546&lang=eng
QC,Service Canada Centre,Services offered in English and French,Coaticook Service Canada Centre,https://www.servicecanada.gc.ca/tbsc-fsco/sc-dsp.jsp?rc=2450&lang=eng
QC,Service Canada Centre,Services offered in English and French,Côte-des-Neiges - N.-D.-de-Grâce Service Canada Centre,https://www.servicecanada.gc.ca/tbsc-fsco/sc-dsp.jsp?rc=2377&lang=eng
QC,Service Canada Centre,Services offered in English and French,Cowansville Service Canada Centre,https://www.servicecanada.gc.ca/tbsc-fsco/sc-dsp.jsp?rc=2441&lang=eng
QC,Service Canada Centre,Services offered in English and French,Drummondville Service Canada Centre,https://www.servicecanada.gc.ca/tbsc-fsco/sc-dsp.jsp?rc=2434&lang=eng
QC,Service Canada Centre,Services offered in English and French,Gaspé Service Canada Centre,https://www.servicecanada.gc.ca/tbsc-fsco/sc-dsp.jsp?rc=2447&lang=eng
QC,Service Canada Centre,Services offered in English and French,Gatineau-East Service Canada Centre,https://www.servicecanada.gc.ca/tbsc-fsco/sc-dsp.jsp?rc=2430&lang=eng
QC,Service Canada Centre,Services offered in English and French,Granby Service Canada Centre,https://www.servicecanada.gc.ca/tbsc-fsco/sc-dsp.jsp?rc=2436&lang=eng
QC,Service Canada Centre,Services offered in English and French,Laval Service Canada Centre,https://www.servicecanada.gc.ca/tbsc-fsco/sc-dsp.jsp?rc=2806&lang=eng
QC,Service Canada Centre,Services offered in English and French,Longueuil Service Canada Centre,https://www.servicecanada.gc.ca/tbsc-fsco/sc-dsp.jsp?rc=2871&lang=eng
QC,Service Canada Centre,Services offered in English and French,Magog Service Canada Centre,https://www.servicecanada.gc.ca/tbsc-fsco/sc-dsp.jsp?rc=2439&lang=eng
QC,Service Canada Centre,Services offered in English and French,Maniwaki Service Canada Centre,https://www.servicecanada.gc.ca/tbsc-fsco/sc-dsp.jsp?rc=2445&lang=eng
QC,Service Canada Centre,Services offered in English and French,Mistissini Service Canada Centre,https://www.servicecanada.gc.ca/tbsc-fsco/sc-dsp.jsp?rc=2106&lang=eng
QC,Service Canada Centre,Services offered in English and French,Montréal (Downtown) Service Canada Centre,https://www.servicecanada.gc.ca/tbsc-fsco/sc-dsp.jsp?rc=2879&lang=eng
QC,Service Canada Centre,Services offered in English and French,New Richmond Service Canada Centre,https://www.servicecanada.gc.ca/tbsc-fsco/sc-dsp.jsp?rc=2446&lang=eng
QC,Service Canada Centre,Services offered in English and French,Parc-Extension (Montréal) Service Canada Centre,https://www.servicecanada.gc.ca/tbsc-fsco/sc-dsp.jsp?rc=2385&lang=eng
QC,Service Canada Centre,Services offered in English and French,Rouyn-Noranda Service Canada Centre,https://www.servicecanada.gc.ca/tbsc-fsco/sc-dsp.jsp?rc=2492&lang=eng
QC,Service Canada Centre,Services offered in English and French,Saint-Eustache Service Canada Centre,https://www.servicecanada.gc.ca/tbsc-fsco/sc-dsp.jsp?rc=2358&lang=eng
QC,Service Canada Centre,Services offered in English and French,Saint-Hyacinthe Service Canada Centre,https://www.servicecanada.gc.ca/tbsc-fsco/sc-dsp.jsp?rc=2411&lang=eng
QC,Service Canada Centre,Services offered in English and French,Saint-Jean-sur-Richelieu Service Canada Centre,https://www.servicecanada.gc.ca/tbsc-fsco/sc-dsp.jsp?rc=2413&lang=eng
QC,Service Canada Centre,Services offered in English and French,Saint-Léonard (Montréal) Service Canada Centre,https://www.servicecanada.gc.ca/tbsc-fsco/sc-dsp.jsp?rc=2888&lang=eng
QC,Service Canada Centre,Services offered in English and French,Sainte-Agathe-des-Monts Service Canada Centre,https://www.servicecanada.gc.ca/tbsc-fsco/sc-dsp.jsp?rc=2687&lang=eng
QC,Service Canada Centre,Services offered in English and French,Sainte-Foy (Québec) Service Canada Centre,https://www.servicecanada.gc.ca/tbsc-fsco/sc-dsp.jsp?rc=2440&lang=eng
QC,Service Canada Centre,Services offered in English and French,Sept-Îles Service Canada Centre,https://www.servicecanada.gc.ca/tbsc-fsco/sc-dsp.jsp?rc=2424&lang=eng
QC,Service Canada Centre,Services offered in English and French,Shawinigan Service Canada Centre,https://www.servicecanada.gc.ca/tbsc-fsco/sc-dsp.jsp?rc=2838&lang=eng
QC,Service Canada Centre,Services offered in English and French,Sherbrooke Service Canada Centre,https://www.servicecanada.gc.ca/tbsc-fsco/sc-dsp.jsp?rc=2219&lang=eng
QC,Service Canada Centre,Services offered in English and French,Trois-Rivières Service Canada Centre,https://www.servicecanada.gc.ca/tbsc-fsco/sc-dsp.jsp?rc=2428&lang=eng
QC,Service Canada Centre,Services offered in English and French,Val-d'Or Service Canada Centre,https://www.servicecanada.gc.ca/tbsc-fsco/sc-dsp.jsp?rc=2493&lang=eng
QC,Service Canada Centre,Services offered in English and French,Valleyfield Service Canada Centre,https://www.servicecanada.gc.ca/tbsc-fsco/sc-dsp.jsp?rc=2419&lang=eng
QC,Service Canada Centre,Services offered in English and French,Vaudreuil-Dorion Service Canada Centre,https://www.servicecanada.gc.ca/tbsc-fsco/sc-dsp.jsp?rc=2251&lang=eng
QC,Service Canada Centre,Services offered in English and French,Verdun (Montréal) Service Canada Centre,https://www.servicecanada.gc.ca/tbsc-fsco/sc-dsp.jsp?rc=2380&lang=eng
QC,Service Canada Centre,Services offered in English and French,Ville-Marie Service Canada Centre,https://www.servicecanada.gc.ca/tbsc-fsco/sc-dsp.jsp?rc=2110&lang=eng
QC,Service Canada Centre,Services offered in French,Alma Service Canada Centre,https://www.servicecanada.gc.ca/tbsc-fsco/sc-dsp.jsp?rc=2431&lang=eng
QC,Service Canada Centre,Services offered in French,Amos Service Canada Centre,https://www.servicecanada.gc.ca/tbsc-fsco/sc-dsp.jsp?rc=2694&lang=eng
QC,Service Canada Centre,Services offered in French,Baie-Comeau Service Canada Centre,https://www.servicecanada.gc.ca/tbsc-fsco/sc-dsp.jsp?rc=2423&lang=eng
QC,Service Canada Centre,Services offered in French,Causapscal Service Canada Centre,https://www.servicecanada.gc.ca/tbsc-fsco/sc-dsp.jsp?rc=2456&lang=eng
QC,Service Canada Centre,Services offered in French,Chibougamau Service Canada Centre,https://www.servicecanada.gc.ca/tbsc-fsco/sc-dsp.jsp?rc=2484&lang=eng
QC,Service Canada Centre,Services offered in French,Dolbeau Service Canada Centre,https://www.servicecanada.gc.ca/tbsc-fsco/sc-dsp.jsp?rc=2433&lang=eng
QC,Service Canada Centre,Services offered in French,Donnacona Service Canada Centre,https://www.servicecanada.gc.ca/tbsc-fsco/sc-dsp.jsp?rc=2519&lang=eng
QC,Service Canada Centre,Services offered in French,Forestville Service Canada Centre,https://www.servicecanada.gc.ca/tbsc-fsco/sc-dsp.jsp?rc=2429&lang=eng
QC,Service Canada Centre,Services offered in French,Joliette Service Canada Centre,https://www.servicecanada.gc.ca/tbsc-fsco/sc-dsp.jsp?rc=2468&lang=eng
QC,Service Canada Centre,Services offered in French,La Cité-Limoilou (Québec) Service Canada Centre,https://www.servicecanada.gc.ca/tbsc-fsco/sc-dsp.jsp?rc=2504&lang=eng
QC,Service Canada Centre,Services offered in French,La Malbaie Service Canada Centre,https://www.servicecanada.gc.ca/tbsc-fsco/sc-dsp.jsp?rc=2616&lang=eng
QC,Service Canada Centre,Services offered in French,La Pocatière Service Canada Centre,https://www.servicecanada.gc.ca/tbsc-fsco/sc-dsp.jsp?rc=2181&lang=eng
QC,Service Canada Centre,Services offered in French,La Sarre Service Canada Centre,https://www.servicecanada.gc.ca/tbsc-fsco/sc-dsp.jsp?rc=2109&lang=eng
QC,Service Canada Centre,Services offered in French,La Tuque Service Canada Centre,https://www.servicecanada.gc.ca/tbsc-fsco/sc-dsp.jsp?rc=2652&lang=eng
QC,Service Canada Centre,Services offered in French,Lac-Mégantic Service Canada Centre,https://www.servicecanada.gc.ca/tbsc-fsco/sc-dsp.jsp?rc=2437&lang=eng
QC,Service Canada Centre,Services offered in French,Lévis Service Canada Centre,https://www.servicecanada.gc.ca/tbsc-fsco/sc-dsp.jsp?rc=2625&lang=eng
QC,Service Canada Centre,Services offered in French,Louiseville Service Canada Centre,https://www.servicecanada.gc.ca/tbsc-fsco/sc-dsp.jsp?rc=2651&lang=eng
QC,Service Canada Centre,Services offered in French,Matane Service Canada Centre,https://www.servicecanada.gc.ca/tbsc-fsco/sc-dsp.jsp?rc=2455&lang=eng
QC,Service Canada Centre,Services offered in French,Mont-Laurier Service Canada Centre,https://www.servicecanada.gc.ca/tbsc-fsco/sc-dsp.jsp?rc=2469&lang=eng
QC,Service Canada Centre,Services offered in French,Montmagny Service Canada Centre,https://www.servicecanada.gc.ca/tbsc-fsco/sc-dsp.jsp?rc=2622&lang=eng
QC,Service Canada Centre,Services offered in French,Pointe-aux-Trembles (Montréal) Service Canada Centre,https://www.servicecanada.gc.ca/tbsc-fsco/sc-dsp.jsp?rc=2884&lang=eng
QC,Service Canada Centre,Services offered in French,Repentigny Service Canada Centre,https://www.servicecanada.gc.ca/tbsc-fsco/sc-dsp.jsp?rc=2420&lang=eng
QC,Service Canada Centre,Services offered in French,Rimouski Service Canada Centre,https://www.servicecanada.gc.ca/tbsc-fsco/sc-dsp.jsp?rc=2454&lang=eng
QC,Service Canada Centre,Services offered in French,Rivière-du-Loup Service Canada Centre,https://www.servicecanada.gc.ca/tbsc-fsco/sc-dsp.jsp?rc=2464&lang=eng
QC,Service Canada Centre,Services offered in French,Roberval Service Canada Centre,https://www.servicecanada.gc.ca/tbsc-fsco/sc-dsp.jsp?rc=2432&lang=eng
QC,Service Canada Centre,Services offered in French,Saint-Georges Service Canada Centre,https://www.servicecanada.gc.ca/tbsc-fsco/sc-dsp.jsp?rc=2415&lang=eng
QC,Service Canada Centre,Services offered in French,Saint-Jérôme Service Canada Centre,https://www.servicecanada.gc.ca/tbsc-fsco/sc-dsp.jsp?rc=2467&lang=eng
QC,Service Canada Centre,Services offered in French,Sainte-Anne-des-Monts Service Canada Centre,https://www.servicecanada.gc.ca/tbsc-fsco/sc-dsp.jsp?rc=2157&lang=eng
QC,Service Canada Centre,Services offered in French,Sainte-Thérèse Service Canada Centre,https://www.servicecanada.gc.ca/tbsc-fsco/sc-dsp.jsp?rc=2471&lang=eng
QC,Service Canada Centre,Services offered in French,Senneterre Service Canada Centre,https://www.servicecanada.gc.ca/tbsc-fsco/sc-dsp.jsp?rc=2118&lang=eng
QC,Service Canada Centre,Services offered in French,Sorel-Tracy Service Canada Centre,https://www.servicecanada.gc.ca/tbsc-fsco/sc-dsp.jsp?rc=2372&lang=eng
QC,Service Canada Centre,Services offered in French,Terrebonne Service Canada Centre,https://www.servicecanada.gc.ca/tbsc-fsco/sc-dsp.jsp?rc=2362&lang=eng
QC,Service Canada Centre,Services offered in French,Thetford Mines Service Canada Centre,https://www.servicecanada.gc.ca/tbsc-fsco/sc-dsp.jsp?rc=2821&lang=eng
QC,Service Canada Centre,Services offered in French,Val-des-Sources Service Canada Centre,https://www.servicecanada.gc.ca/tbsc-fsco/sc-dsp.jsp?rc=2679&lang=eng
QC,Service Canada Centre,Services offered in French,Victoriaville Service Canada Centre,https://www.servicecanada.gc.ca/tbsc-fsco/sc-dsp.jsp?rc=2435&lang=eng
QC,Service Canada Centre and Passport Office (consolidated),Services offered in English and French,Chicoutimi Service Canada Centre and Passport Services,https://www.servicecanada.gc.ca/tbsc-fsco/sc-dsp.jsp?rc=2425&lang=eng
QC,Service Canada Centre and Passport Office (consolidated),Services offered in English and French,Gatineau-Hull Service Canada Centre and Passport Services,https://www.servicecanada.gc.ca/tbsc-fsco/sc-dsp.jsp?rc=2005&lang=eng
QC,Service Canada Centre and Passport Office (consolidated),Services offered in English and French,Pointe-Claire (Montréal) Service Canada Centre and Passport Services,https://www.servicecanada.gc.ca/tbsc-fsco/sc-dsp.jsp?rc=2383&lang=eng
QC,Passport Office,Services offered in English and French,Laval Service Canada Centre - Passport Services,https://www.servicecanada.gc.ca/tbsc-fsco/sc-dsp.jsp?rc=2004&lang=eng
QC,Passport Office,Services offered in English and French,Montreal Service Canada Centre - Passport Services,https://www.servicecanada.gc.ca/tbsc-fsco/sc-dsp.jsp?rc=2003&lang=eng
QC,Passport Office,Services offered in English and French,Quebec Service Canada Centre - Passport Services,https://www.servicecanada.gc.ca/tbsc-fsco/sc-dsp.jsp?rc=2001&lang=eng
QC,Passport Office,Services offered in English and French,Saint-Laurent Service Canada Centre - Passport Services,https://www.servicecanada.gc.ca/tbsc-fsco/sc-dsp.jsp?rc=2000&lang=eng
QC,Scheduled Outreach Site,Services offered in English and French,Grande Entrée Scheduled Outreach Site,https://www.servicecanada.gc.ca/tbsc-fsco/sc-dsp.jsp?rc=QC-SCJ&lang=eng
QC,Scheduled Outreach Site,Services offered in English and French,Grande-Vallee Scheduled Outreach Site,https://www.servicecanada.gc.ca/tbsc-fsco/sc-dsp.jsp?rc=QC-SBU&lang=eng
QC,Scheduled Outreach Site,Services offered in English and French,Matapedia Scheduled Outreach Site,https://www.servicecanada.gc.ca/tbsc-fsco/sc-dsp.jsp?rc=QC-SBC&lang=eng
QC,Scheduled Outreach Site,Services offered in English and French,Temiscaming Scheduled Outreach Site,https://www.servicecanada.gc.ca/tbsc-fsco/sc-dsp.jsp?rc=QC-SBM&lang=eng
QC,Scheduled Outreach Site,Services offered in English,Waskaganish Scheduled Outreach Site,https://www.servicecanada.gc.ca/tbsc-fsco/sc-dsp.jsp?rc=QC-SDC&lang=eng
QC,Scheduled Outreach Site,Services offered in French,Anse Saint-Jean Scheduled Outreach Site,https://www.servicecanada.gc.ca/tbsc-fsco/sc-dsp.jsp?rc=QC-SAB&lang=eng
QC,Scheduled Outreach Site,Services offered in French,Baie St- Paul Scheduled Outreach Site,https://www.servicecanada.gc.ca/tbsc-fsco/sc-dsp.jsp?rc=QC-SBR&lang=eng
QC,Scheduled Outreach Site,Services offered in French,Cheneville Scheduled Outreach Site,https://www.servicecanada.gc.ca/tbsc-fsco/sc-dsp.jsp?rc=QC-SCH&lang=eng
QC,Scheduled Outreach Site,Services offered in French,Lachute Scheduled Outreach Site,https://www.servicecanada.gc.ca/tbsc-fsco/sc-dsp.jsp?rc=QC-SCX&lang=eng
QC,Scheduled Outreach Site,Services offered in French,Lebel-sur-Quévillon Scheduled Outreach Site,https://www.servicecanada.gc.ca/tbsc-fsco/sc-dsp.jsp?rc=QC-SAP&lang=eng
QC,Scheduled Outreach Site,Services offered in French,Matagami Scheduled Outreach Site,https://www.servicecanada.gc.ca/tbsc-fsco/sc-dsp.jsp?rc=QC-SBQ&lang=eng
QC,Scheduled Outreach Site,Services offered in French,Normandin Scheduled Outreach Site,https://www.servicecanada.gc.ca/tbsc-fsco/sc-dsp.jsp?rc=QC-SCY&lang=eng
QC,Scheduled Outreach Site,Services offered in French,Notre-Dame-du-Laus Scheduled Outreach Site,https://www.servicecanada.gc.ca/tbsc-fsco/sc-dsp.jsp?rc=QC-SCF&lang=eng
QC,Scheduled Outreach Site,Services offered in French,Pohenegamook Scheduled Outreach Site,https://www.servicecanada.gc.ca/tbsc-fsco/sc-dsp.jsp?rc=QC-SCT&lang=eng
QC,Scheduled Outreach Site,Services offered in French,Port-Cartier Scheduled Outreach Site,https://www.servicecanada.gc.ca/tbsc-fsco/sc-dsp.jsp?rc=QC-SCZ&lang=eng
QC,Scheduled Outreach Site,Services offered in French,Riviere-Rouge Scheduled Outreach Site,https://www.servicecanada.gc.ca/tbsc-fsco/sc-dsp.jsp?rc=QC-SCI&lang=eng
QC,Scheduled Outreach Site,Services offered in French,Sacré-Coeur Scheduled Outreach Site,https://www.servicecanada.gc.ca/tbsc-fsco/sc-dsp.jsp?rc=QC-SDB&lang=eng
QC,Scheduled Outreach Site,Services offered in French,Saint-Michel-des-Saints Scheduled Outreach Site,https://www.servicecanada.gc.ca/tbsc-fsco/sc-dsp.jsp?rc=QC-SCB&lang=eng
NB,Service Canada Centre,Services offered in English and French,Bathurst Service Canada Centre,https://www.servicecanada.gc.ca/tbsc-fsco/sc-dsp.jsp?rc=1699&lang=eng
NB,Service Canada Centre,Services offered in English and French,Campbellton Service Canada Centre,https://www.servicecanada.gc.ca/tbsc-fsco/sc-dsp.jsp?rc=1647&lang=eng
NB,Service Canada Centre,Services offered in English and French,Caraquet Service Canada Centre,https://www.servicecanada.gc.ca/tbsc-fsco/sc-dsp.jsp?rc=1648&lang=eng
NB,Service Canada Centre,Services offered in English and French,Dalhousie Service Canada Centre,https://www.servicecanada.gc.ca/tbsc-fsco/sc-dsp.jsp?rc=1682&lang=eng
NB,Service Canada Centre,Services offered in English and French,Edmundston Service Canada Centre,https://www.servicecanada.gc.ca/tbsc-fsco/sc-dsp.jsp?rc=1653&lang=eng
NB,Service Canada Centre,Services offered in English and French,Grand Falls Service Canada Centre,https://www.servicecanada.gc.ca/tbsc-fsco/sc-dsp.jsp?rc=1608&lang=eng
NB,Service Canada Centre,Services offered in English and French,Miramichi Service Canada Centre,https://www.servicecanada.gc.ca/tbsc-fsco/sc-dsp.jsp?rc=1642&lang=eng
NB,Service Canada Centre,Services offered in English and French,Moncton Service Canada Centre,https://www.servicecanada.gc.ca/tbsc-fsco/sc-dsp.jsp?rc=1640&lang=eng
NB,Service Canada Centre,Services offered in English and French,Richibucto Service Canada Centre,https://www.servicecanada.gc.ca/tbsc-fsco/sc-dsp.jsp?rc=1618&lang=eng
NB,Service Canada Centre,Services offered in English and French,Saint John Service Canada Centre,https://www.servicecanada.gc.ca/tbsc-fsco/sc-dsp.jsp?rc=1617&lang=eng
NB,Service Canada Centre,Services offered in English and French,Saint-Quentin Service Canada Centre,https://www.servicecanada.gc.ca/tbsc-fsco/sc-dsp.jsp?rc=1683&lang=eng
NB,Service Canada Centre,Services offered in English and French,Shediac Service Canada Centre,https://www.servicecanada.gc.ca/tbsc-fsco/sc-dsp.jsp?rc=1643&lang=eng
NB,Service Canada Centre,Services offered in English and French,Shippagan Service Canada Centre,https://www.servicecanada.gc.ca/tbsc-fsco/sc-dsp.jsp?rc=1603&lang=eng
NB,Service Canada Centre,Services offered in English and French,Tracadie-Sheila Service Canada Centre,https://www.servicecanada.gc.ca/tbsc-fsco/sc-dsp.jsp?rc=1604&lang=eng
NB,Service Canada Centre,Services offered in English,St. Stephen Service Canada Centre,https://www.servicecanada.gc.ca/tbsc-fsco/sc-dsp.jsp?rc=1646&lang=eng
NB,Service Canada Centre,Services offered in English,Sussex Service Canada Centre,https://www.servicecanada.gc.ca/tbsc-fsco/sc-dsp.jsp?rc=1621&lang=eng
NB,Service Canada Centre,Services offered in English,Woodstock Service Canada Centre,https://www.servicecanada.gc.ca/tbsc-fsco/sc-dsp.jsp?rc=1688&lang=eng
NB,Service Canada Centre and Passport Office (consolidated),Services offered in English and French,Fredericton Service Canada Centre and Passport Services,https://www.servicecanada.gc.ca/tbsc-fsco/sc-dsp.jsp?rc=1687&lang=eng
NB,Scheduled Outreach Site,Services offered in English and French,Baie-Sainte-Anne Scheduled Outreach Site,https://www.servicecanada.gc.ca/tbsc-fsco/sc-dsp.jsp?rc=NB-SAB&lang=eng
NB,Scheduled Outreach Site,Services offered in English and French,Doaktown Scheduled Outreach Site,https://www.servicecanada.gc.ca/tbsc-fsco/sc-dsp.jsp?rc=1637&lang=eng
NB,Scheduled Outreach Site,Services offered in English and French,Minto Scheduled Outreach Site,https://www.servicecanada.gc.ca/tbsc-fsco/sc-dsp.jsp?rc=1613&lang=eng
NB,Scheduled Outreach Site,Services offered in English and French,Neguac Scheduled Outreach Site,https://www.servicecanada.gc.ca/tbsc-fsco/sc-dsp.jsp?rc=1638&lang=eng
NB,Scheduled Outreach Site,Services offered in English and French,Rogersville Scheduled Outreach Site,https://www.servicecanada.gc.ca/tbsc-fsco/sc-dsp.jsp?rc=NB-SAA&lang=eng
NB,Scheduled Outreach Site,Services offered in English and French,Sackville Scheduled Outreach Site,https://www.servicecanada.gc.ca/tbsc-fsco/sc-dsp.jsp?rc=1619&lang=eng
NB,Scheduled Outreach Site,Services offered in English,Florenceville-Bristol Scheduled Outreach Site,https://www.servicecanada.gc.ca/tbsc-fsco/sc-dsp.jsp?rc=1674&lang=eng
NB,Scheduled Outreach Site,Services offered in English,Grand Manan Scheduled Outreach Site,https://www.servicecanada.gc.ca/tbsc-fsco/sc-dsp.jsp?rc=NB-SAD&lang=eng
NB,Scheduled Outreach Site,Services offered in English,Perth-Andover Scheduled Outreach Site,https://www.servicecanada.gc.ca/tbsc-fsco/sc-dsp.jsp?rc=1675&lang=eng
NS,Service Canada Centre,Services offered in English and French,Inverness Service Canada Centre,https://www.servicecanada.gc.ca/tbsc-fsco/sc-dsp.jsp?rc=1524&lang=eng
NS,Service Canada Centre,Services offered in English and French,Port Hawkesbury Service Canada Centre,https://www.servicecanada.gc.ca/tbsc-fsco/sc-dsp.jsp?rc=1520&lang=eng
NS,Service Canada Centre,Services offered in English and French,Sydney Service Canada Centre,https://www.servicecanada.gc.ca/tbsc-fsco/sc-dsp.jsp?rc=1559&lang=eng
NS,Service Canada Centre,Services offered in English and French,Yarmouth Service Canada Centre,https://www.servicecanada.gc.ca/tbsc-fsco/sc-dsp.jsp?rc=1589&lang=eng
NS,Service Canada Centre,Services offered in English,Amherst Service Canada Centre,https://www.servicecanada.gc.ca/tbsc-fsco/sc-dsp.jsp?rc=1541&lang=eng
NS,Service Canada Centre,Services offered in English,Antigonish Service Canada Centre,https://www.servicecanada.gc.ca/tbsc-fsco/sc-dsp.jsp?rc=1545&lang=eng
NS,Service Canada Centre,Services offered in English,Bedford Service Canada Centre,https://www.servicecanada.gc.ca/tbsc-fsco/sc-dsp.jsp?rc=1594&lang=eng
NS,Service Canada Centre,Services offered in English,Bridgewater Service Canada Centre,https://www.servicecanada.gc.ca/tbsc-fsco/sc-dsp.jsp?rc=1503&lang=eng
NS,Service Canada Centre,Services offered in English,Dartmouth Service Canada Centre,https://www.servicecanada.gc.ca/tbsc-fsco/sc-dsp.jsp?rc=1505&lang=eng
NS,Service Canada Centre,Services offered in English,Digby Service Canada Centre,https://www.servicecanada.gc.ca/tbsc-fsco/sc-dsp.jsp?rc=1575&lang=eng
NS,Service Canada Centre,Services offered in English,Glace Bay Service Canada Centre,https://www.servicecanada.gc.ca/tbsc-fsco/sc-dsp.jsp?rc=1523&lang=eng
NS,Service Canada Centre,Services offered in English,Guysborough Service Canada Centre,https://www.servicecanada.gc.ca/tbsc-fsco/sc-dsp.jsp?rc=1556&lang=eng
NS,Service Canada Centre,Services offered in English,Kentville Service Canada Centre,https://www.servicecanada.gc.ca/tbsc-fsco/sc-dsp.jsp?rc=1502&lang=eng
NS,Service Canada Centre,Services offered in English,New Glasgow Service Canada Centre,https://www.servicecanada.gc.ca/tbsc-fsco/sc-dsp.jsp?rc=1540&lang=eng
NS,Service Canada Centre,Services offered in English,North Sydney Service Canada Centre,https://www.servicecanada.gc.ca/tbsc-fsco/sc-dsp.jsp?rc=1546&lang=eng
NS,Service Canada Centre,Services offered in English,Shelburne Service Canada Centre,https://www.servicecanada.gc.ca/tbsc-fsco/sc-dsp.jsp?rc=1576&lang=eng
NS,Service Canada Centre,Services offered in English,Truro Service Canada Centre,https://www.servicecanada.gc.ca/tbsc-fsco/sc-dsp.jsp?rc=1571&lang=eng
NS,Service Canada Centre,Services offered in English,Windsor Service Canada Centre,https://www.servicecanada.gc.ca/tbsc-fsco/sc-dsp.jsp?rc=1538&lang=eng
NS,Service Canada Centre and Passport Office (consolidated),Services offered in English and French,Halifax Service Canada Centre and Passport Services,https://www.servicecanada.gc.ca/tbsc-fsco/sc-dsp.jsp?rc=1515&lang=eng
NS,Scheduled Outreach Site,Services offered in English and French,Chéticamp Scheduled Outreach Site,https://www.servicecanada.gc.ca/tbsc-fsco/sc-dsp.jsp?rc=NS-SAC&lang=eng
NS,Scheduled Outreach Site,Services offered in English and French,Clare Scheduled Outreach Site,https://www.servicecanada.gc.ca/tbsc-fsco/sc-dsp.jsp?rc=NS-SAA&lang=eng
NS,Scheduled Outreach Site,Services offered in English and French,Petit-de-Grat Scheduled Outreach Site,https://www.servicecanada.gc.ca/tbsc-fsco/sc-dsp.jsp?rc=NS-SAD&lang=eng
NS,Scheduled Outreach Site,Services offered in English,Sheet Harbour Scheduled Outreach Site,https://www.servicecanada.gc.ca/tbsc-fsco/sc-dsp.jsp?rc=NS-SAB&lang=eng
PE,Service Canada Centre,Services offered in English and French,Charlottetown Service Canada Centre,https://www.servicecanada.gc.ca/tbsc-fsco/sc-dsp.jsp?rc=1959&lang=eng
PE,Service Canada Centre,Services offered in English and French,Summerside Service Canada Centre,https://www.servicecanada.gc.ca/tbsc-fsco/sc-dsp.jsp?rc=1962&lang=eng
PE,Service Canada Centre,Services offered in English,Montague Service Canada Centre,https://www.servicecanada.gc.ca/tbsc-fsco/sc-dsp.jsp?rc=1903&lang=eng
PE,Service Canada Centre,Services offered in English,O'Leary Service Canada Centre,https://www.servicecanada.gc.ca/tbsc-fsco/sc-dsp.jsp?rc=1907&lang=eng
PE,Service Canada Centre,Services offered in English,Souris Service Canada Centre,https://www.servicecanada.gc.ca/tbsc-fsco/sc-dsp.jsp?rc=1904&lang=eng
PE,Scheduled Outreach Site,Services offered in English and French,Wellington Scheduled Outreach Site,https://www.servicecanada.gc.ca/tbsc-fsco/sc-dsp.jsp?rc=PE-SAA&lang=eng
NL,Service Canada Centre,Services offered in English and French,Labrador City Service Canada Centre,https://www.servicecanada.gc.ca/tbsc-fsco/sc-dsp.jsp?rc=1186&lang=eng
NL,Service Canada Centre,Services offered in English,Clarenville Service Canada Centre,https://www.servicecanada.gc.ca/tbsc-fsco/sc-dsp.jsp?rc=1143&lang=eng
NL,Service Canada Centre,Services offered in English,Corner Brook Service Canada Centre,https://www.servicecanada.gc.ca/tbsc-fsco/sc-dsp.jsp?rc=1163&lang=eng
NL,Service Canada Centre,Services offered in English,Gander Service Canada Centre,https://www.servicecanada.gc.ca/tbsc-fsco/sc-dsp.jsp?rc=1146&lang=eng
NL,Service Canada Centre,Services offered in English,Grand Falls-Windsor Service Canada Centre,https://www.servicecanada.gc.ca/tbsc-fsco/sc-dsp.jsp?rc=1148&lang=eng
NL,Service Canada Centre,Services offered in English,Happy Valley Service Canada Centre,https://www.servicecanada.gc.ca/tbsc-fsco/sc-dsp.jsp?rc=1185&lang=eng
NL,Service Canada Centre,Services offered in English,Harbour Grace Service Canada Centre,https://www.servicecanada.gc.ca/tbsc-fsco/sc-dsp.jsp?rc=1138&lang=eng
NL,Service Canada Centre,Services offered in English,Marystown Service Canada Centre,https://www.servicecanada.gc.ca/tbsc-fsco/sc-dsp.jsp?rc=1144&lang=eng
NL,Service Canada Centre,Services offered in English,Placentia Service Canada Centre,https://www.servicecanada.gc.ca/tbsc-fsco/sc-dsp.jsp?rc=1139&lang=eng
NL,Service Canada Centre,Services offered in English,Port Aux Basques Service Canada Centre,https://www.servicecanada.gc.ca/tbsc-fsco/sc-dsp.jsp?rc=1166&lang=eng
NL,Service Canada Centre,Services offered in English,Rocky Harbour Service Canada Centre,https://www.servicecanada.gc.ca/tbsc-fsco/sc-dsp.jsp?rc=1183&lang=eng
NL,Service Canada Centre,Services offered in English,Springdale Service Canada Centre,https://www.servicecanada.gc.ca/tbsc-fsco/sc-dsp.jsp?rc=1162&lang=eng
NL,Service Canada Centre,Services offered in English,St. Anthony Service Canada Centre,https://www.servicecanada.gc.ca/tbsc-fsco/sc-dsp.jsp?rc=1184&lang=eng
NL,Service Canada Centre,Services offered in English,Stephenville Service Canada Centre,https://www.servicecanada.gc.ca/tbsc-fsco/sc-dsp.jsp?rc=1164&lang=eng
NL,Service Canada Centre and Passport Office (consolidated),Services offered in English and French,St. John's Service Canada Centre and Passport Services,https://www.servicecanada.gc.ca/tbsc-fsco/sc-dsp.jsp?rc=1137&lang=eng
NL,Scheduled Outreach Site,Services offered in English and French,Port au Port - Centre Scolaire et Communautaire Ste. Anne Scheduled Outreach Site,https://www.servicecanada.gc.ca/tbsc-fsco/sc-dsp.jsp?rc=NF-SAA&lang=eng
NL,Scheduled Outreach Site,Services offered in English,Baie Verte Scheduled Outreach Site,https://www.servicecanada.gc.ca/tbsc-fsco/sc-dsp.jsp?rc=NF-SAL&lang=eng
NL,Scheduled Outreach Site,Services offered in English,Bonavista Scheduled Outreach Site,https://www.servicecanada.gc.ca/tbsc-fsco/sc-dsp.jsp?rc=NF-SAH&lang=eng
NL,Scheduled Outreach Site,Services offered in English,Burgeo Scheduled Outreach Site,https://www.servicecanada.gc.ca/tbsc-fsco/sc-dsp.jsp?rc=NF-SAO&lang=eng
NL,Scheduled Outreach Site,Services offered in English,Forteau Scheduled Outreach Site,https://www.servicecanada.gc.ca/tbsc-fsco/sc-dsp.jsp?rc=NF-SAE&lang=eng
NL,Scheduled Outreach Site,Services offered in English,Lumsden Scheduled Outreach Site,https://www.servicecanada.gc.ca/tbsc-fsco/sc-dsp.jsp?rc=NF-SAG&lang=eng
NL,Scheduled Outreach Site,Services offered in English,Nain Scheduled Outreach Site,https://www.servicecanada.gc.ca/tbsc-fsco/sc-dsp.jsp?rc=NF-SAP&lang=eng
NL,Scheduled Outreach Site,Services offered in English,Old Perlican Scheduled Outreach Site,https://www.servicecanada.gc.ca/tbsc-fsco/sc-dsp.jsp?rc=NF-SAC&lang=eng
NL,Scheduled Outreach Site,Services offered in English,Pollard's Point Scheduled Outreach Site,https://www.servicecanada.gc.ca/tbsc-fsco/sc-dsp.jsp?rc=NF-SAN&lang=eng
NL,Scheduled Outreach Site,Services offered in English,Port Saunders Scheduled Outreach Site,https://www.servicecanada.gc.ca/tbsc-fsco/sc-dsp.jsp?rc=NF-SAI&lang=eng
NL,Scheduled Outreach Site,Services offered in English,Riverhead Scheduled Outreach Site,https://www.servicecanada.gc.ca/tbsc-fsco/sc-dsp.jsp?rc=NF-SAD&lang=eng
NL,Scheduled Outreach Site,Services offered in English,Sheshatshiu Scheduled Outreach Site,https://www.servicecanada.gc.ca/tbsc-fsco/sc-dsp.jsp?rc=NF-SAB&lang=eng
NL,Scheduled Outreach Site,Services offered in English,St. Alban's Scheduled Outreach Site,https://www.servicecanada.gc.ca/tbsc-fsco/sc-dsp.jsp?rc=NF-SAK&lang=eng
NL,Scheduled Outreach Site,Services offered in English,Virgin Arm Scheduled Outreach Site,https://www.servicecanada.gc.ca/tbsc-fsco/sc-dsp.jsp?rc=NF-SAM&lang=eng
YT,Service Canada Centre,Services offered in English and French,Whitehorse Service Canada Centre,https://www.servicecanada.gc.ca/tbsc-fsco/sc-dsp.jsp?rc=5965&lang=eng
YT,Service Canada Centre,Services offered in English,Dawson City Service Canada Centre,https://www.servicecanada.gc.ca/tbsc-fsco/sc-dsp.jsp?rc=5964&lang=eng
YT,Scheduled Outreach Site,Services offered in English,Faro Scheduled Outreach Site,https://www.servicecanada.gc.ca/tbsc-fsco/sc-dsp.jsp?rc=YK-SAC&lang=eng
YT,Scheduled Outreach Site,Services offered in English,Haines Junction Scheduled Outreach Site,https://www.servicecanada.gc.ca/tbsc-fsco/sc-dsp.jsp?rc=YK-SAB&lang=eng
YT,Scheduled Outreach Site,Services offered in English,Old Crow Scheduled Outreach Site,https://www.servicecanada.gc.ca/tbsc-fsco/sc-dsp.jsp?rc=YK-SAA&lang=eng
YT,Scheduled Outreach Site,Services offered in English,Watson Lake Scheduled Outreach Site,https://www.servicecanada.gc.ca/tbsc-fsco/sc-dsp.jsp?rc=YK-SAE&lang=eng
NU,Service Canada Centre,Services offered in English and French,Iqaluit Service Canada Centre,https://www.servicecanada.gc.ca/tbsc-fsco/sc-dsp.jsp?rc=4936&lang=eng
NU,Service Canada Centre,Services offered in English,Cambridge Bay Service Canada Centre,https://www.servicecanada.gc.ca/tbsc-fsco/sc-dsp.jsp?rc=4815&lang=eng
NU,Service Canada Centre,Services offered in English,Rankin Inlet Service Canada Centre,https://www.servicecanada.gc.ca/tbsc-fsco/sc-dsp.jsp?rc=4929&lang=eng
NU,Scheduled Outreach Site,Services offered in English,Arviat Scheduled Outreach Site,https://www.servicecanada.gc.ca/tbsc-fsco/sc-dsp.jsp?rc=NU-SAL&lang=eng
NU,Scheduled Outreach Site,Services offered in English,Baker Lake Scheduled Outreach Site,https://www.servicecanada.gc.ca/tbsc-fsco/sc-dsp.jsp?rc=NU-SAM&lang=eng
NU,Scheduled Outreach Site,Services offered in English,Cape Dorset Scheduled Outreach Site,https://www.servicecanada.gc.ca/tbsc-fsco/sc-dsp.jsp?rc=NU-SAB&lang=eng
NU,Scheduled Outreach Site,Services offered in English,Chesterfield Inlet Scheduled Outreach Site,https://www.servicecanada.gc.ca/tbsc-fsco/sc-dsp.jsp?rc=NU-SAK&lang=eng
NU,Scheduled Outreach Site,Services offered in English,Coral Harbour Scheduled Outreach Site,https://www.servicecanada.gc.ca/tbsc-fsco/sc-dsp.jsp?rc=NU-SAD&lang=eng
NU,Scheduled Outreach Site,Services offered in English,Gjoa Haven Scheduled Outreach Site,https://www.servicecanada.gc.ca/tbsc-fsco/sc-dsp.jsp?rc=NU-SAE&lang=eng
NU,Scheduled Outreach Site,Services offered in English,Igloolik Scheduled Outreach Site,https://www.servicecanada.gc.ca/tbsc-fsco/sc-dsp.jsp?rc=NU-SAN&lang=eng
NU,Scheduled Outreach Site,Services offered in English,Kugaaruk Scheduled Outreach Site,https://www.servicecanada.gc.ca/tbsc-fsco/sc-dsp.jsp?rc=NU-SAG&lang=eng
NU,Scheduled Outreach Site,Services offered in English,Kugluktuk Scheduled Outreach Site,https://www.servicecanada.gc.ca/tbsc-fsco/sc-dsp.jsp?rc=NU-SAP&lang=eng
NU,Scheduled Outreach Site,Services offered in English,Naujaat Scheduled Outreach Site,https://www.servicecanada.gc.ca/tbsc-fsco/sc-dsp.jsp?rc=NU-SAH&lang=eng
NU,Scheduled Outreach Site,Services offered in English,Pangnirtung Scheduled Outreach Site,https://www.servicecanada.gc.ca/tbsc-fsco/sc-dsp.jsp?rc=NU-SAF&lang=eng
NU,Scheduled Outreach Site,Services offered in English,Pond Inlet Scheduled Outreach Site,https://www.servicecanada.gc.ca/tbsc-fsco/sc-dsp.jsp?rc=NU-SAO&lang=eng
NU,Scheduled Outreach Site,Services offered in English,Taloyoak Scheduled Outreach Site,https://www.servicecanada.gc.ca/tbsc-fsco/sc-dsp.jsp?rc=NU-SAI&lang=eng
NT,Service Canada Centre,Services offered in English and French,Yellowknife Service Canada Centre,https://www.servicecanada.gc.ca/tbsc-fsco/sc-dsp.jsp?rc=4901&lang=eng
NT,Service Canada Centre,Services offered in English,Fort Simpson Service Canada Centre,https://www.servicecanada.gc.ca/tbsc-fsco/sc-dsp.jsp?rc=4904&lang=eng
NT,Service Canada Centre,Services offered in English,Fort Smith Service Canada Centre,https://www.servicecanada.gc.ca/tbsc-fsco/sc-dsp.jsp?rc=4905&lang=eng
NT,Service Canada Centre,Services offered in English,Hay River Service Canada Centre,https://www.servicecanada.gc.ca/tbsc-fsco/sc-dsp.jsp?rc=4906&lang=eng
NT,Service Canada Centre,Services offered in English,Inuvik Service Canada Centre,https://www.servicecanada.gc.ca/tbsc-fsco/sc-dsp.jsp?rc=4907&lang=eng
NT,Service Delivery Partner,Services offered in English,Łutselk'e Service Delivery Partner,https://www.servicecanada.gc.ca/tbsc-fsco/sc-dsp.jsp?rc=NT-SAW&lang=eng
NT,Service Delivery Partner,Services offered in English,Aklavik Service Delivery Partner,https://www.servicecanada.gc.ca/tbsc-fsco/sc-dsp.jsp?rc=NT-SAS&lang=eng
NT,Service Delivery Partner,Services offered in English,Behchokǫ̀ Service Delivery Partner,https://www.servicecanada.gc.ca/tbsc-fsco/sc-dsp.jsp?rc=NT-SAH&lang=eng
NT,Service Delivery Partner,Services offered in English,Délįnę Service Delivery Partner,https://www.servicecanada.gc.ca/tbsc-fsco/sc-dsp.jsp?rc=NT-SAE&lang=eng
NT,Service Delivery Partner,Services offered in English,Fort Good Hope Service Delivery Partner,https://www.servicecanada.gc.ca/tbsc-fsco/sc-dsp.jsp?rc=NT-SAR&lang=eng
NT,Service Delivery Partner,Services offered in English,Fort Liard Service Delivery Partner,https://www.servicecanada.gc.ca/tbsc-fsco/sc-dsp.jsp?rc=NT-SAC&lang=eng
NT,Service Delivery Partner,Services offered in English,Fort McPherson Service Delivery Partner,https://www.servicecanada.gc.ca/tbsc-fsco/sc-dsp.jsp?rc=NT-SAT&lang=eng
NT,Service Delivery Partner,Services offered in English,Fort Providence Service Delivery Partner,https://www.servicecanada.gc.ca/tbsc-fsco/sc-dsp.jsp?rc=NT-SAD&lang=eng
NT,Service Delivery Partner,Services offered in English,Fort Resolution Service Delivery Partner,https://www.servicecanada.gc.ca/tbsc-fsco/sc-dsp.jsp?rc=NT-SAG&lang=eng
NT,Service Delivery Partner,Services offered in English,Gamètì Service Delivery Partner,https://www.servicecanada.gc.ca/tbsc-fsco/sc-dsp.jsp?rc=NT-SAV&lang=eng
NT,Service Delivery Partner,Services offered in English,Paulatuk Service Delivery Partner,https://www.servicecanada.gc.ca/tbsc-fsco/sc-dsp.jsp?rc=NT-SAU&lang=eng
NT,Service Delivery Partner,Services offered in English,Tuktoyaktuk Service Delivery Partner,https://www.servicecanada.gc.ca/tbsc-fsco/sc-dsp.jsp?rc=NT-SAF&lang=eng
NT,Service Delivery Partner,Services offered in English,Tulita Service Delivery Partner,https://www.servicecanada.gc.ca/tbsc-fsco/sc-dsp.jsp?rc=NT-SAO&lang=eng
NT,Service Delivery Partner,Services offered in English,Ulukhaktok Service Delivery Partner,https://www.servicecanada.gc.ca/tbsc-fsco/sc-dsp.jsp?rc=NT-SAP&lang=eng
NT,Service Delivery Partner,Services offered in English,Whatì Service Delivery Partner,https://www.servicecanada.gc.ca/tbsc-fsco/sc-dsp.jsp?rc=NT-SAQ&lang=eng
