region,page-header,link,address
BC,Abbotsford Service Canada Centre,https://www.servicecanada.gc.ca/tbsc-fsco/sc-dsp.jsp?rc=5944&lang=eng,"32525 Simon Avenue, Suite 100
Abbotsford, British Columbia
V2T6T6"
BC,Chilliwack Service Canada Centre,https://www.servicecanada.gc.ca/tbsc-fsco/sc-dsp.jsp?rc=5942&lang=eng,"100 - 9345 Main Street
Chilliwack, British Columbia
V2P4M3"
BC,Comox Valley Service Canada Centre,https://www.servicecanada.gc.ca/tbsc-fsco/sc-dsp.jsp?rc=5921&lang=eng,"130 19th Street
Courtenay, British Columbia
V9N8S1"
BC,Kamloops Service Canada Centre,https://www.servicecanada.gc.ca/tbsc-fsco/sc-dsp.jsp?rc=5986&lang=eng,"520 Seymour Street, Floor 1
Kamloops, British Columbia
V2C2G9"
BC,Nanaimo Service Canada Centre,https://www.servicecanada.gc.ca/tbsc-fsco/sc-dsp.jsp?rc=5988&lang=eng,"60 Front Street, Suite 201
Nanaimo, British Columbia
V9R5H7"
BC,Penticton Service Canada Centre,https://www.servicecanada.gc.ca/tbsc-fsco/sc-dsp.jsp?rc=5978&lang=eng,"386 Ellis Street, Suite 101
Penticton, British Columbia
V2A8C9"
BC,Prince George Service Canada Centre,https://www.servicecanada.gc.ca/tbsc-fsco/sc-dsp.jsp?rc=5994&lang=eng,"1363 4th Avenue
Prince George, British Columbia
V2L3J6"
BC,Vancouver (West Broadway) Service Canada Centre,https://www.servicecanada.gc.ca/tbsc-fsco/sc-dsp.jsp?rc=5823&lang=eng,"1263 West Broadway
Vancouver, British Columbia
V6H1G7"
BC,Burnaby Service Canada Centre,https://www.servicecanada.gc.ca/tbsc-fsco/sc-dsp.jsp?rc=5907&lang=eng,"3480 Gilmore Way, Suite 100
Burnaby, British Columbia
V5G4Y1"
BC,Campbell River Service Canada Centre,https://www.servicecanada.gc.ca/tbsc-fsco/sc-dsp.jsp?rc=5920&lang=eng,"950 Alder Street, Suite 101
Campbell River, British Columbia
V9W2P8"
BC,Coquitlam Service Canada Centre,https://www.servicecanada.gc.ca/tbsc-fsco/sc-dsp.jsp?rc=5947&lang=eng,"2963 Glen Drive , Suite 100
Coquitlam, British Columbia
V3B2P7"
BC,Cowichan Service Canada Centre,https://www.servicecanada.gc.ca/tbsc-fsco/sc-dsp.jsp?rc=5918&lang=eng,"104-2951 Green Road
Duncan, British Columbia
V9L0B9"
BC,Cranbrook Service Canada Centre,https://www.servicecanada.gc.ca/tbsc-fsco/sc-dsp.jsp?rc=5977&lang=eng,"1113 Baker Street, Suite 250
Cranbrook, British Columbia
V1C1A7"
BC,Dawson Creek Service Canada Centre,https://www.servicecanada.gc.ca/tbsc-fsco/sc-dsp.jsp?rc=5996&lang=eng,"1508 102nd Avenue, Suite 103
Dawson Creek, British Columbia
V1G2E2"
BC,Langley Service Canada Centre,https://www.servicecanada.gc.ca/tbsc-fsco/sc-dsp.jsp?rc=5952&lang=eng,"8747 204th Street, Suite 102
Langley, British Columbia
V1M2Y5"
BC,Nelson Service Canada Centre,https://www.servicecanada.gc.ca/tbsc-fsco/sc-dsp.jsp?rc=5972&lang=eng,"Chahko Mika Mall , Floor Main
1125 Lakeside Drive
Nelson, British Columbia
V1L5Z3"
BC,New Westminster Service Canada Centre,https://www.servicecanada.gc.ca/tbsc-fsco/sc-dsp.jsp?rc=5940&lang=eng,"620 Royal Avenue, Floor 2, Suite 201
New Westminster, British Columbia
V3M1J2"
BC,North Vancouver - North Shore Service Canada Centre,https://www.servicecanada.gc.ca/tbsc-fsco/sc-dsp.jsp?rc=5911&lang=eng,"221 Esplanade West, Office 100
North Vancouver, British Columbia
V7M3N7"
BC,Port Alberni Service Canada Centre,https://www.servicecanada.gc.ca/tbsc-fsco/sc-dsp.jsp?rc=5919&lang=eng,"4805 Mar Street, Unit A
Port Alberni, British Columbia
V9Y8J5"
BC,Powell River Service Canada Centre,https://www.servicecanada.gc.ca/tbsc-fsco/sc-dsp.jsp?rc=5913&lang=eng,"7061 Duncan Street, Suite A
Powell River, British Columbia
V8A1W1"
BC,Prince Rupert Service Canada Centre,https://www.servicecanada.gc.ca/tbsc-fsco/sc-dsp.jsp?rc=5991&lang=eng,"Ocean Centre , Suite 100
215 3rd Street
Prince Rupert, British Columbia
V8J3J9"
BC,Quesnel Service Canada Centre,https://www.servicecanada.gc.ca/tbsc-fsco/sc-dsp.jsp?rc=5424&lang=eng,"283 Reid Street East
Quesnel, British Columbia
V2J2M1"
BC,Richmond Service Canada Centre,https://www.servicecanada.gc.ca/tbsc-fsco/sc-dsp.jsp?rc=5912&lang=eng,"5611 Cooney Road, Suite 350
Richmond, British Columbia
V6X3J6"
BC,Ridge Meadows Service Canada Centre,https://www.servicecanada.gc.ca/tbsc-fsco/sc-dsp.jsp?rc=5150&lang=eng,"22325 Lougheed Highway
Maple Ridge, British Columbia
V2X2T3"
BC,Salmon Arm Service Canada Centre,https://www.servicecanada.gc.ca/tbsc-fsco/sc-dsp.jsp?rc=5351&lang=eng,"191 Shuswap Street Northwest, Floor 1
Salmon Arm, British Columbia
V1E4P6"
BC,Smithers Service Canada Centre,https://www.servicecanada.gc.ca/tbsc-fsco/sc-dsp.jsp?rc=5426&lang=eng,"1020 Murray Street
Smithers, British Columbia
V0J2N0"
BC,Squamish Service Canada Centre,https://www.servicecanada.gc.ca/tbsc-fsco/sc-dsp.jsp?rc=5825&lang=eng,"1440 Winnipeg Street
Squamish, British Columbia
V8B0B2"
BC,Surrey North Service Canada Centre,https://www.servicecanada.gc.ca/tbsc-fsco/sc-dsp.jsp?rc=5851&lang=eng,"13889 104th Avenue
Surrey, British Columbia
V3T1W8"
BC,Terrace Service Canada Centre,https://www.servicecanada.gc.ca/tbsc-fsco/sc-dsp.jsp?rc=5962&lang=eng,"4630 Lazelle Avenue
Terrace, British Columbia
V8G1S6"
BC,Trail Service Canada Centre,https://www.servicecanada.gc.ca/tbsc-fsco/sc-dsp.jsp?rc=5973&lang=eng,"1101 Dewdney Avenue, Suite 101
Trail, British Columbia
V1R4T1"
BC,Vancouver - Sinclair Centre (Downtown) Service Canada Centre,https://www.servicecanada.gc.ca/tbsc-fsco/sc-dsp.jsp?rc=5908&lang=eng,"Sinclair Centre, Office 125
757 Hastings Street West
Vancouver, British Columbia
V6C1A1"
BC,Vancouver - Vancouver East (Kingsway) Service Canada Centre,https://www.servicecanada.gc.ca/tbsc-fsco/sc-dsp.jsp?rc=5922&lang=eng,"1420 Kingsway
Vancouver, British Columbia
V5N2R5"
BC,Vanderhoof Service Canada Centre,https://www.servicecanada.gc.ca/tbsc-fsco/sc-dsp.jsp?rc=5439&lang=eng,"189 Stewart Street East
Vanderhoof, British Columbia
V0J3A0"
BC,Vernon Service Canada Centre,https://www.servicecanada.gc.ca/tbsc-fsco/sc-dsp.jsp?rc=5979&lang=eng,"Unit # 101
3301 30th Avenue
Vernon, British Columbia
V1T2C9"
BC,Victoria West Shore Service Canada Centre,https://www.servicecanada.gc.ca/tbsc-fsco/sc-dsp.jsp?rc=5927&lang=eng,"3179 Jacklin Road
Victoria, British Columbia
V9B3Y7"
BC,Williams Lake Service Canada Centre,https://www.servicecanada.gc.ca/tbsc-fsco/sc-dsp.jsp?rc=5992&lang=eng,"79 4th Avenue South
Williams Lake, British Columbia
V2G1J6"
BC,Kelowna Service Canada Centre and Passport Services,https://www.servicecanada.gc.ca/tbsc-fsco/sc-dsp.jsp?rc=5987&lang=eng,"471 Queensway , Suite 106
Kelowna, British Columbia
V1Y6S5"
BC,Victoria Service Canada Centre and Passport Services,https://www.servicecanada.gc.ca/tbsc-fsco/sc-dsp.jsp?rc=5863&lang=eng,"Bay Centre
1150 Douglas Street, 4th Floor, Suite 450
Victoria, British Columbia
V8W3M9"
BC,Surrey South Service Canada Centre and Passport Services,https://www.servicecanada.gc.ca/tbsc-fsco/sc-dsp.jsp?rc=5852&lang=eng,"103-15295 Highway 10
Surrey, British Columbia
V3S0X9"
BC,Vancouver Service Canada Centre - Passport Services,https://www.servicecanada.gc.ca/tbsc-fsco/sc-dsp.jsp?rc=5001&lang=eng,"Sinclair Centre
757 Hastings Street West, Suite 100
Vancouver, British Columbia
V6C1A1"
BC,Richmond Service Canada Centre - Passport Services,https://www.servicecanada.gc.ca/tbsc-fsco/sc-dsp.jsp?rc=5003&lang=eng,"5611 Cooney Road, Suite 310
Richmond, British Columbia
V6X3J6"
BC,Surrey Service Canada Centre - Passport Services,https://www.servicecanada.gc.ca/tbsc-fsco/sc-dsp.jsp?rc=5002&lang=eng,"Central City Shopping Centre
10153 King George Boulevard, Unit 110
Surrey, British Columbia
V3T2W1"
BC,100 Mile House Scheduled Outreach Site,https://www.servicecanada.gc.ca/tbsc-fsco/sc-dsp.jsp?rc=BC-SBS&lang=eng,"300 South Highway 97
100 Mile House, British Columbia
V0K2E0"
BC,Alert Bay Scheduled Outreach Site,https://www.servicecanada.gc.ca/tbsc-fsco/sc-dsp.jsp?rc=BC-SAY&lang=eng,"Namgis Health Centre
48 School Road
Alert Bay, British Columbia
V0N1A0"
BC,Ashcroft Scheduled Outreach Site,https://www.servicecanada.gc.ca/tbsc-fsco/sc-dsp.jsp?rc=BC-SBT&lang=eng,"318 Railway Avenue
Ashcroft, British Columbia
V0K1A0"
BC,Bella Bella Scheduled Outreach Site,https://www.servicecanada.gc.ca/tbsc-fsco/sc-dsp.jsp?rc=BC-SAM&lang=eng,"Heiltsuk Social Development Office

Bella Bella, British Columbia
V0T1Z0"
BC,Bella Coola Scheduled Outreach Site,https://www.servicecanada.gc.ca/tbsc-fsco/sc-dsp.jsp?rc=BC-SBV&lang=eng,"636 Cliff Street
Bella Coola, British Columbia
V0T1C0"
BC,Burns Lake Scheduled Outreach Site,https://www.servicecanada.gc.ca/tbsc-fsco/sc-dsp.jsp?rc=BC-SBU&lang=eng,"161 Highway 16
Burns Lake, British Columbia
V0J1E0"
BC,Castlegar Scheduled Outreach Site,https://www.servicecanada.gc.ca/tbsc-fsco/sc-dsp.jsp?rc=BC-SBQ&lang=eng,"1016 - 4th Street
Castlegar, British Columbia
V1N2B2"
BC,Clearwater Scheduled Outreach Site,https://www.servicecanada.gc.ca/tbsc-fsco/sc-dsp.jsp?rc=BC-SAZ&lang=eng,"209 Dutch Lake Road
Clearwater, British Columbia
V0E1N1"
BC,Clinton Scheduled Outreach Site,https://www.servicecanada.gc.ca/tbsc-fsco/sc-dsp.jsp?rc=BC-SBR&lang=eng,"1423 Cariboo Highway
Clinton, British Columbia
V0K1K0"
BC,Daajing Giids Scheduled Outreach Site,https://www.servicecanada.gc.ca/tbsc-fsco/sc-dsp.jsp?rc=BC-SBP&lang=eng,"216 Oceanview Drive
Daajing Giids, British Columbia
V0T1S0"
BC,Fort St. James Scheduled Outreach Site,https://www.servicecanada.gc.ca/tbsc-fsco/sc-dsp.jsp?rc=BC-SCF&lang=eng,"470 Stuart Drive West
Fort St. James, British Columbia
V0J1P0"
BC,Fort St. John Scheduled Outreach Site,https://www.servicecanada.gc.ca/tbsc-fsco/sc-dsp.jsp?rc=BC-SBH&lang=eng,"Northern Lights College
9820 - 120th Avenue
Fort St. John, British Columbia
V1J6K1"
BC,Fraser Lake Scheduled Outreach Site,https://www.servicecanada.gc.ca/tbsc-fsco/sc-dsp.jsp?rc=BC-SCG&lang=eng,"Fraser Lake Learning Centre
298 McMillan Avenue
Fraser Lake, British Columbia
V0J1S0"
BC,Grand Forks Scheduled Outreach Site,https://www.servicecanada.gc.ca/tbsc-fsco/sc-dsp.jsp?rc=BC-SBW&lang=eng,"7290 2nd Street
Grand Forks, British Columbia
V0H1H0"
BC,Hope Scheduled Outreach Site,https://www.servicecanada.gc.ca/tbsc-fsco/sc-dsp.jsp?rc=BC-SAQ&lang=eng,"Hope Community Services
434 Wallace Street
Hope, British Columbia
V0X1L0"
BC,Kaslo Scheduled Outreach Site,https://www.servicecanada.gc.ca/tbsc-fsco/sc-dsp.jsp?rc=BC-SCA&lang=eng,"413 - 4th Street
Kaslo, British Columbia
V0G1M0"
BC,Mackenzie Scheduled Outreach Site,https://www.servicecanada.gc.ca/tbsc-fsco/sc-dsp.jsp?rc=BC-SBM&lang=eng,"64 Centennial Drive
Mackenzie, British Columbia
V0J2C0"
BC,McBride Scheduled Outreach Site,https://www.servicecanada.gc.ca/tbsc-fsco/sc-dsp.jsp?rc=BC-SCD&lang=eng,"Robson Valley Community Services
942 - 3rd Avenue
McBride, British Columbia
V0J2E0"
BC,Merritt Scheduled Outreach Site,https://www.servicecanada.gc.ca/tbsc-fsco/sc-dsp.jsp?rc=BC-SBL&lang=eng,"Rail Yard Mall
2194 Coutlee Avenue
Merritt, British Columbia
V1K1B8"
BC,Nakusp Scheduled Outreach Site,https://www.servicecanada.gc.ca/tbsc-fsco/sc-dsp.jsp?rc=BC-SCB&lang=eng,"204 6th Avenue NW
Nakusp, British Columbia
V0G1R0"
BC,Osoyoos Scheduled Outreach Site,https://www.servicecanada.gc.ca/tbsc-fsco/sc-dsp.jsp?rc=BC-SBY&lang=eng,"Sonora Community Centre
8508 68th Avenue
Osoyoos, British Columbia
V0H1V0"
BC,Port Hardy Scheduled Outreach Site,https://www.servicecanada.gc.ca/tbsc-fsco/sc-dsp.jsp?rc=BC-SBJ&lang=eng,"8785 Gray Street
Port Hardy, British Columbia
V0N2P0"
BC,Princeton Scheduled Outreach Site,https://www.servicecanada.gc.ca/tbsc-fsco/sc-dsp.jsp?rc=BC-SBX&lang=eng,"10-136 Tapton Avenue
Princeton, British Columbia
V0X1W0"
BC,Revelstoke Scheduled Outreach Site,https://www.servicecanada.gc.ca/tbsc-fsco/sc-dsp.jsp?rc=BC-SBZ&lang=eng,"1123 2nd Street West, Room 104
Revelstoke, British Columbia
V0E2S1"
BC,Sunshine Coast Scheduled Outreach Site,https://www.servicecanada.gc.ca/tbsc-fsco/sc-dsp.jsp?rc=BC-SBO&lang=eng,"5498 Wharf Avenue
Sechelt, British Columbia
V0N3A3"
BC,Valemount Scheduled Outreach Site,https://www.servicecanada.gc.ca/tbsc-fsco/sc-dsp.jsp?rc=BC-SCE&lang=eng,"1300 - 4th Avenue
Valemount, British Columbia
V0E2Z0"
BC,Whistler Scheduled Outreach Site,https://www.servicecanada.gc.ca/tbsc-fsco/sc-dsp.jsp?rc=BC-SBK&lang=eng,"Whistler Chamber of Commerce, Room 201
4230 Gateway Drive
Whistler, British Columbia
V0N1B4"
AB,Canmore Service Canada Centre,https://www.servicecanada.gc.ca/tbsc-fsco/sc-dsp.jsp?rc=4865&lang=eng,"Canmore Gateway Shops - Building C, Suite 113
802 Bow Valley Trail
Canmore, Alberta
T1W1N6"
AB,Edmonton Canada Place Service Canada Centre,https://www.servicecanada.gc.ca/tbsc-fsco/sc-dsp.jsp?rc=4754&lang=eng,"Canada Place, Floor Main
9700 Jasper Avenue
Edmonton, Alberta
T5J4C1"
AB,Edmonton Millbourne Service Canada Centre,https://www.servicecanada.gc.ca/tbsc-fsco/sc-dsp.jsp?rc=4820&lang=eng,"148 Millbourne Market Mall
7609 38 Avenue NW
Edmonton, Alberta
T6K3L6"
AB,Fort McMurray Service Canada Centre,https://www.servicecanada.gc.ca/tbsc-fsco/sc-dsp.jsp?rc=4825&lang=eng,"8530 Manning Avenue, Unit 107
Fort McMurray, Alberta
T9H5G2"
AB,Grande Prairie Service Canada Centre,https://www.servicecanada.gc.ca/tbsc-fsco/sc-dsp.jsp?rc=4819&lang=eng,"11601 101 Avenue, Suite 101
Grande Prairie, Alberta
T8V3X9"
AB,Lethbridge Service Canada Centre,https://www.servicecanada.gc.ca/tbsc-fsco/sc-dsp.jsp?rc=4860&lang=eng,"Crowsnest Trail Plaza, Unit 101
920 2A Avenue North
Lethbridge, Alberta
T1H0E3"
AB,Medicine Hat Service Canada Centre,https://www.servicecanada.gc.ca/tbsc-fsco/sc-dsp.jsp?rc=4807&lang=eng,"Northside Centre
78 8th Street Northwest
Medicine Hat, Alberta
T1A6P1"
AB,Red Deer Service Canada Centre,https://www.servicecanada.gc.ca/tbsc-fsco/sc-dsp.jsp?rc=4808&lang=eng,"101 - 4901 46th Street
Red Deer, Alberta
T4N1N2"
AB,St. Paul Service Canada Centre,https://www.servicecanada.gc.ca/tbsc-fsco/sc-dsp.jsp?rc=4824&lang=eng,"4807-50 Avenue
St. Paul, Alberta
T0A3A3"
AB,Brooks Service Canada Centre,https://www.servicecanada.gc.ca/tbsc-fsco/sc-dsp.jsp?rc=4875&lang=eng,"211 1st Avenue East
Brooks, Alberta
T1R0G9"
AB,Calgary One Executive Place Service Canada Centre,https://www.servicecanada.gc.ca/tbsc-fsco/sc-dsp.jsp?rc=4804&lang=eng,"One Executive Place, Suite 103
1816 Crowchild Trail NW
Calgary, Alberta
T2M3Y7"
AB,Calgary Royal Vista Service Canada Centre,https://www.servicecanada.gc.ca/tbsc-fsco/sc-dsp.jsp?rc=4803&lang=eng,"15 Royal Vista Place NW, Floor 3, Suite 350
Calgary, Alberta
T3R0P3"
AB,Calgary Temple Crossing Service Canada Centre,https://www.servicecanada.gc.ca/tbsc-fsco/sc-dsp.jsp?rc=4810&lang=eng,"Temple Crossing, Suite 116
5401 Temple Drive
Calgary, Alberta
T1Y3R7"
AB,Camrose Service Canada Centre,https://www.servicecanada.gc.ca/tbsc-fsco/sc-dsp.jsp?rc=4821&lang=eng,"5020 51 Street
Camrose, Alberta
T4V1S5"
AB,Edmonton Hermitage Service Canada Centre,https://www.servicecanada.gc.ca/tbsc-fsco/sc-dsp.jsp?rc=4752&lang=eng,"Hermitage Square
12735 50th Street Northwest
Edmonton, Alberta
T5A4L8"
AB,Edmonton Westlink Service Canada Centre,https://www.servicecanada.gc.ca/tbsc-fsco/sc-dsp.jsp?rc=4753&lang=eng,"16826 107th Avenue, Suite 100
Edmonton, Alberta
T5P4C3"
AB,Edson Service Canada Centre,https://www.servicecanada.gc.ca/tbsc-fsco/sc-dsp.jsp?rc=4818&lang=eng,"4905 4th Ave
Edson, Alberta
T7E1V1"
AB,Lloydminster Service Canada Centre,https://www.servicecanada.gc.ca/tbsc-fsco/sc-dsp.jsp?rc=4862&lang=eng,"4114 70th Avenue
Lloydminster, Alberta
T9V2X3"
AB,Slave Lake Service Canada Centre,https://www.servicecanada.gc.ca/tbsc-fsco/sc-dsp.jsp?rc=4750&lang=eng,"Sawridge Plaza Mall
Unit 109 - 100 Main Street SW
Slave Lake, Alberta
T0G2A0"
AB,Calgary Centre Service Canada Centre and Passport Services,https://www.servicecanada.gc.ca/tbsc-fsco/sc-dsp.jsp?rc=4802&lang=eng,"Harry Hays Building, Suite 150
220 4th Avenue Southeast
Calgary, Alberta
T2G4X3"
AB,Calgary Sundance Service Canada Centre and Passport Services,https://www.servicecanada.gc.ca/tbsc-fsco/sc-dsp.jsp?rc=4602&lang=eng,"120-23 Sunpark Drive SE
Calgary, Alberta
T2X3V1"
AB,Edmonton Service Canada Centre - Passport Services,https://www.servicecanada.gc.ca/tbsc-fsco/sc-dsp.jsp?rc=4601&lang=eng,"Canada Place Building
9700 Jasper Avenue, Suite 126
Edmonton, Alberta
T5J4C3"
AB,Cold Lake Scheduled Outreach Site,https://www.servicecanada.gc.ca/tbsc-fsco/sc-dsp.jsp?rc=AB-SAN&lang=eng,"Alberta Works Centre - 408 Tri City Mall
6501B - 51st Street
Cold Lake, Alberta
T9M1P2"
AB,Jasper Scheduled Outreach Site,https://www.servicecanada.gc.ca/tbsc-fsco/sc-dsp.jsp?rc=AB-SAL&lang=eng,"500 Robson Street
Jasper, Alberta
T0E1E0"
AB,Lac La Biche Scheduled Outreach Site,https://www.servicecanada.gc.ca/tbsc-fsco/sc-dsp.jsp?rc=AB-SAQ&lang=eng,"Alberta Service Centre - Provincial Building
9503 Beaver Hill Road
Lac La Biche, Alberta
T0A2C0"
AB,Athabasca Scheduled Outreach Site,https://www.servicecanada.gc.ca/tbsc-fsco/sc-dsp.jsp?rc=AB-SAH&lang=eng,"Duniece Centre, Floor 3
4810 50th Street
Athabasca, Alberta
T9S1C9"
AB,Barrhead Scheduled Outreach Site,https://www.servicecanada.gc.ca/tbsc-fsco/sc-dsp.jsp?rc=AB-SAS&lang=eng,"Alberta Service Centre
6203 49 Street
Barrhead, Alberta
T0G0G0"
AB,Blairmore Scheduled Outreach Site,https://www.servicecanada.gc.ca/tbsc-fsco/sc-dsp.jsp?rc=AB-SAK&lang=eng,"Provincial Building - Alberta Works
12501 20th Avenue
Blairmore, Alberta
T1J4L1"
AB,Drayton Valley Scheduled Outreach Site,https://www.servicecanada.gc.ca/tbsc-fsco/sc-dsp.jsp?rc=AB-SAP&lang=eng,"Alberta Service Centre, Floor 2
5136 51 Avenue
Drayton Valley, Alberta
T7A1K9"
AB,Drumheller Scheduled Outreach Site,https://www.servicecanada.gc.ca/tbsc-fsco/sc-dsp.jsp?rc=AB-SAJ&lang=eng,"Riverside Center, Floor 2
180 Riverside Drive East
Drumheller, Alberta
T0J0Y4"
AB,Grande Cache Scheduled Outreach Site,https://www.servicecanada.gc.ca/tbsc-fsco/sc-dsp.jsp?rc=AB-SAM&lang=eng,"Grande Cache Community Learning & Employment Resource Centre
1613 Acorn Plaza
Grande Cache, Alberta
T0E0Y0"
AB,High Level Scheduled Outreach Site,https://www.servicecanada.gc.ca/tbsc-fsco/sc-dsp.jsp?rc=AB-SAW&lang=eng,"Alberta Service Centre - Provincial Building
10106 100 Avenue
High Level, Alberta
T0H1Z0"
AB,High Prairie Scheduled Outreach Site,https://www.servicecanada.gc.ca/tbsc-fsco/sc-dsp.jsp?rc=AB-SAZ&lang=eng,"Alberta Service Centre, Floor 2
5226 53 Avenue
High Prairie, Alberta
T0G1E0"
AB,Hinton Scheduled Outreach Site,https://www.servicecanada.gc.ca/tbsc-fsco/sc-dsp.jsp?rc=AB-SAO&lang=eng,"568 Carmichael Lane
Hinton, Alberta
T7V1S8"
AB,Maskwacis Scheduled Outreach Site,https://www.servicecanada.gc.ca/tbsc-fsco/sc-dsp.jsp?rc=AB-SAC&lang=eng,"Maskwacis Employment Centre - Maskwacis Mall
AB-2A
Maskwacis, Alberta
T0C1N0"
AB,Olds Scheduled Outreach Site,https://www.servicecanada.gc.ca/tbsc-fsco/sc-dsp.jsp?rc=AB-SBB&lang=eng,"Alberta Works (Ralph Klein Centre)
4500 50th Street
Olds, Alberta
T4H1R6"
AB,Paul First Nation Scheduled Outreach Site,https://www.servicecanada.gc.ca/tbsc-fsco/sc-dsp.jsp?rc=AB-SBD&lang=eng,"2885 Paul Band First Nation
Duffield, Alberta
T0E0N0"
AB,Peace River Scheduled Outreach Site,https://www.servicecanada.gc.ca/tbsc-fsco/sc-dsp.jsp?rc=AB-SAR&lang=eng,"Peace River Provincial Building
9621 96 Avenue, 1st Floor
Peace River, Alberta
T8S1T4"
AB,Rocky Mountain House Scheduled Outreach Site,https://www.servicecanada.gc.ca/tbsc-fsco/sc-dsp.jsp?rc=AB-SAI&lang=eng,"Alberta Works (Alberta Service Centre)
4919 51st Street
Rocky Mountain House, Alberta
T4T1A8"
AB,Stettler Scheduled Outreach Site,https://www.servicecanada.gc.ca/tbsc-fsco/sc-dsp.jsp?rc=AB-SAT&lang=eng,"Alberta Service Centre
4835 50 Street
Stettler, Alberta
T0C2L1"
AB,Vegreville Scheduled Outreach Site,https://www.servicecanada.gc.ca/tbsc-fsco/sc-dsp.jsp?rc=AB-SAU&lang=eng,"Alberta Service Centre
5121 49 Street
Vegreville, Alberta
T9C1G6"
AB,Wainwright Scheduled Outreach Site,https://www.servicecanada.gc.ca/tbsc-fsco/sc-dsp.jsp?rc=AB-SBC&lang=eng,"Provincial Building - Alberta Works
810 14th Avenue
Wainwright, Alberta
T9W1R2"
AB,Westlock Scheduled Outreach Site,https://www.servicecanada.gc.ca/tbsc-fsco/sc-dsp.jsp?rc=AB-SAV&lang=eng,"Alberta Service Centre
11304 99 Street
Westlock, Alberta
T7P1Y8"
AB,Whitecourt Scheduled Outreach Site,https://www.servicecanada.gc.ca/tbsc-fsco/sc-dsp.jsp?rc=AB-SAX&lang=eng,"Midtown Mall
5115 49th Street
Whitecourt, Alberta
T7S1P8"
